Navn;Ticker;ISIN;Valuta;I dag %;I dag +/-;Siste;;Kjøp;Selg;Høy;Lav;Omsetning;1 uke %;1 måned %;3 måneder %;i år %;1 år %;3 år %;5 år %;10 år %;PE;PS;PB;EPS;Direkteavkastning %;Dividend Per Share;Belåningsgrad %;Kan shortes;Market Cap;Antall eiere;Report Description;General Meeting Date;Excluding Date;Dividend Date;Dividend Amount
NORDIC FINANCIALS ASA;NOFIN;NO0012958539;NOK;−23,61;−0,085;0,275;0,36;0,18;0,4;0,33;0,275;221047;960,06;3430,14;2044,77;−21,43;222,46;52,94;152,4;143,62;−9,94;8,05;3,97;−0,03;0;0;0;Nei;324542059;2509;28.2.2025 (Kvartalsrapport (4. kvartal));28.5.2025;;; 
KONGSBERG GRUPPEN;KOG;NO0003043309;NOK;−1,73;−22;1251;1273;1237;1260;1270;1233;281412237;−3,1;−6,01;14,14;−2,27;165,61;337,41;774,21;1061,29;45;4,63;13,18;27,42;1,13;14;85;Ja;217263483515;33738;7.2.2025 (Kvartalsrapport (4. kvartal));8.5.2025;;; 
LOKOTECH GROUP AS;LOKO;NO0010921299;NOK;−4,91;−0,095;1,84;1,935;1,8;1,895;1,925;1,835;1816052;−4,17;34,31;126,6;−2,39;138,96;75,27;;;−8,53;0;6,51;−0,22;0;0;0;Nei;335277804;1079;31.3.2025 (Kvartalsrapport (4. kvartal));2.6.2025;;; 
XPLORA TECHNOLOGIES;XPLRA;NO0010895782;NOK;1,55;0,5;32,7;32,2;30,8;34;32,7;30,6;774815;−2,39;0,62;50,69;3,81;136,96;12,37;;;−149,37;1,81;4,29;−0,21;0;0;20;Nei;1404180516;876;28.2.2025 (Kvartalsrapport (4. kvartal));23.5.2025;;; 
MORROW BANK ASA;MOBA;NO0010694029;NOK;−1,76;−0,16;8,94;9,1;8,92;9,04;9,1;8,9;2710601;−2,83;6,94;51,01;−4,08;130,41;15,65;−29,61;;12,65;1,71;0,9;0,71;0;0;50;Nei;2063341658;1948;13.2.2025 (Kvartalsrapport (4. kvartal));10.4.2025;;; 
NAPATECH;NAPA;DK0060520450;NOK;−1,08;−0,3;27,6;27,9;25,7;0;28;27,5;376061;11,29;24,32;−11,54;8,24;108,3;120,8;506,59;391,12;−25,27;13,07;16,48;−1,1;0;0;40;Nei;2759907871;1626;20.3.2025 (Kvartalsrapport (4. kvartal));24.4.2025;;; 
THOR MEDICAL ASA;TRMED;NO0010597883;NOK;−1,65;−0,045;2,68;2,725;2,615;2,74;2,76;2,65;2501579;0,75;−12,28;98,52;1,9;98,52;−88,22;−91,54;−90,2;164,33;−943,16;2,78;0,02;0;0;10;Nei;746109771;9652;26.2.2025 (Kvartalsrapport (4. kvartal));24.4.2025;;; 
NORCONSULT ASA;NORCO;NO0013052209;NOK;−0,34;−0,15;43,45;43,6;43;44,5;43,95;43,4;12938112;1,05;3,58;25,4;−1,81;84,11;;;;34,45;1,33;6,56;1,27;2,61;1,14;50;Nei;13615287969;5397;18.2.2025 (Kvartalsrapport (4. kvartal));5.5.2025;;; 
PEXIP HOLDING;PEXIP;NO0010840507;NOK;2,62;1,15;45;43,85;43,5;47,05;45;43,25;6641221;−0,66;0;20,48;2,51;79,43;9,76;;;0;4,31;2,97;0;0;0;30;Ja;4615791458;3561;13.2.2025 (Kvartalsrapport (4. kvartal));25.4.2025;;; 
ENDÚR;ENDUR;NO0012555459;NOK;−1,14;−0,8;69,5;70,3;69,3;69,8;70;69,2;3538408;−1,84;9,11;18,2;0,14;78,66;101,74;9,45;−25,65;399,59;1,01;2,15;0,17;0;0;30;Nei;2567693640;2540;25.2.2025 (Kvartalsrapport (4. kvartal));20.5.2025;;; 
SATS;SATS;NO0010863285;NOK;−1,51;−0,4;26,1;26,5;26;26,45;26,6;26,05;4050637;1,16;5,45;26,09;−1,51;74,93;23,7;14,73;;18,71;1,08;5,26;1,4;0;0;50;Nei;5352763476;3803;12.2.2025 (Kvartalsrapport (4. kvartal));28.4.2025;;; 
REACH SUBSEA;REACH;NO0003117202;NOK;−0,76;−0,06;7,8;7,86;7,6;8,16;7,96;7,62;1745002;1,3;−15,03;0;−1,02;74,89;157,61;394,08;148,15;8,7;0,84;2,27;0,89;4,65;0,36;50;Nei;2159603453;2146;13.2.2025 (Kvartalsrapport (4. kvartal));28.5.2025;;; 
PETRONOR E&P ASA;PNOR;NO0012942525;NOK;5,16;0,68;13,86;13,18;13,66;13,9;13,86;13,2;10234657;13,79;38,05;57,5;8,62;72,09;58,4;40,27;−47,17;2,45;0,82;1,01;5,47;0;0;30;Nei;1944594639;4158;19.2.2025 (Kvartalsrapport (4. kvartal));29.5.2025;27.1.2025;31.1.2025;2 NOK
SKANDIA GREENPOWER AS;SKAND;NO0010931207;NOK;−0,46;−0,005;1,085;1,09;0,93;1,09;1,09;1,04;2992;0;2,84;−13,55;2,36;71,68;−86,77;;;2,34;0,59;8,76;0,46;0;0;0;Nei;130493992;362;25.3.2025 (Kvartalsrapport (4. kvartal));11.4.2025;;; 
NORBIT;NORBT;NO0010856511;NOK;−0,1;−0,1;96,3;96,4;94,1;97;97;95;2170420;2,45;−0,72;16,59;−0,31;68,95;207,67;372,06;;33,98;3,85;7,73;2,83;2,49;2,4;60;Nei;6145502603;3028;13.2.2025 (Kvartalsrapport (4. kvartal));6.5.2025;;; 
NORDHEALTH AS A-AKSJER;NORDH;NO0011002651;NOK;1,67;0,7;42,7;42;0;0;42,7;42;9387;7,29;−3,83;16,99;−3,83;68,11;6,75;;;−28,54;5,63;3,69;−1,5;0;0;0;Nei;3424187554;158;4.3.2025 (Kvartalsrapport (4. kvartal));27.5.2025;;; 
PROTECTOR FORSIKRING;PROT;NO0010209331;NOK;0;0;292,5;292,5;286,5;297;293;287,5;6888303;2,27;−0,17;22,38;2,63;61,07;169,83;455,03;640,51;12,24;2,15;5,33;23,9;1,71;5;70;Ja;24090000000;4320;30.1.2025 (Kvartalsrapport (4. kvartal));10.4.2025;;; 
CRAYON GROUP HOLDING;CRAYN;NO0010808892;NOK;2,71;3,4;128,8;125,4;125,1;129,7;128,9;124;34991254;3,04;2,22;8,33;3,21;60,6;−29,62;140,3;;83,03;1,62;4,48;1,52;0;0;70;Ja;11331227886;3564;12.2.2025 (Kvartalsrapport (4. kvartal));7.5.2025;;; 
EQVA ASA;EQVA;NO0010708605;NOK;0,62;0,03;4,85;4,82;4,71;4,89;4,85;4,7;43239;5,9;4,08;−9,85;1,89;59,54;−30,12;53,48;−81,7;7,29;0,41;1,12;0,65;0;0;0;Nei;354361242;1929;27.2.2025 (Kvartalsrapport (4. kvartal));19.6.2025;;; 
NORDIC MINING;NOM;NO0013162693;NOK;−1,65;−0,43;25,67;26,1;25,39;25,975;26,095;25;17918671;−4,06;4,86;−8,32;−4;58,85;−38,64;−12,48;−60;0;0;1,81;0;0;0;20;Nei;2738475324;12788;11.2.2025 (Kvartalsrapport (4. kvartal));27.5.2025;;; 
ZENITH ENERGY;ZENA;CA98936C8584;NOK;−6,85;−0,05;0,68;0,73;0,632;0,714;0,754;0,66;10666211;43,46;266,58;266,58;2,72;58,14;−41,78;−68,81;;−0,27;18,42;0,66;−2,65;0;0;0;Nei;312844232;1623;;31.1.2025;;; 
AGILYX ASA;AGLX;NO0010872468;NOK;−2,22;−0,8;35,3;36,1;35,25;35,65;36,4;35,3;130946;−0,56;0,86;6,81;−1,94;57,94;−1,81;;;3,36;−201,72;3,1;10,58;0;0;10;Nei;3904828862;491;24.4.2025 (Kvartalsrapport (4. kvartal));15.5.2025;;; 
MPC CONTAINER SHIPS;MPCC;NO0010791353;NOK;−1,7;−0,37;21,43;21,8;21,22;21,95;21,88;21,43;45682076;4,69;−1,47;−13,24;3,38;57,92;−12,71;99,37;;3,82;1,62;1,26;5,68;30,01;6,51;60;Ja;9672666082;31287;25.2.2025 (Kvartalsrapport (4. kvartal));8.5.2025;;; 
ENVIPCO HOLDING N.V.;ENVIP;NL0015000GX8;NOK;−3,73;−2,5;64,5;67;63;69,5;67,5;64,5;2094518;0,78;9,32;5,74;0,78;57,32;104,15;;;96,45;2,78;7,87;0,68;0;0;30;Nei;3778719694;435;20.3.2025 (Kvartalsrapport (4. kvartal));25.6.2025;;; 
MULTICONSULT;MULTI;NO0010734338;NOK;−0,25;−0,5;198;198,5;196;200;199,5;197,5;701609;2,59;2,86;9,7;−0,5;56,52;26,92;182,86;;12,46;0,88;5,06;15,93;4,03;8;70;Ja;5493469834;1888;11.2.2025 (Kvartalsrapport (4. kvartal));10.4.2025;;; 
DOF GROUP ASA;DOFG;NO0012851874;NOK;2,06;1,8;89,2;87,4;87,1;89,8;89,35;87,8;42898464;6,19;6;1,31;5,56;54,78;;;;10,8;1,62;2,07;8,17;0;0;40;Ja;21721777371;5298;24.2.2025 (Kvartalsrapport (4. kvartal));20.5.2025;;; 
ZALARIS;ZAL;NO0010708910;NOK;0;0;74,2;74,2;73;76;75,8;73,4;215688;−0,8;6;8,16;−2,37;54,58;37,41;174,81;166,91;41,33;1,27;8,11;1,8;0;0;30;Nei;1646864758;532;28.2.2025 (Kvartalsrapport (4. kvartal));22.5.2025;;; 
ROMREAL;ROM;BMG763301022;NOK;10;0,28;3,08;2,8;0;3,08;3,08;3,06;33774;13,24;14,07;1,99;20,31;54;62,11;32,76;97,44;−18,87;25,75;0,67;−0,16;0;0;;Nei;127412769;205;28.2.2025 (Kvartalsrapport (4. kvartal));;;; 
SOGN SPAREBANK;SOGN;NO0006000603;NOK;0;0;247,95;247,95;241,55;248;248;247,95;44632;3,74;−5,63;7,31;3,33;53,06;72,19;131,73;250,46;11,57;0,65;0,14;21,43;4,03;10;20;Nei;;270;13.3.2025 (Kvartalsrapport (4. kvartal));;;; 
ELOPAK ASA;ELO;NO0011002586;NOK;−0,33;−0,15;44,8;44,95;42,7;46;45;44,25;2819146;0,9;2,05;2,75;−0,89;52,64;67,2;;;15,3;0,89;3,4;2,92;3,27;1,46;50;Ja;11993707074;2178;11.2.2025 (Kvartalsrapport (4. kvartal));14.5.2025;;; 
HEXAGON COMPOSITES;HEX;NO0003067902;NOK;0,23;0,1;44,5;44,4;43,15;45,15;44,55;43,4;11035015;−0,89;3,01;2,77;−2,2;51,57;77,53;52,95;138,2;−25,55;1,9;2,76;−1,74;0;0;60;Ja;9316622950;4132;13.2.2025 (Kvartalsrapport (4. kvartal));5.5.2025;;; 
TREASURE;TRE;NO0010763550;NOK;6,04;1,8;31,6;29,8;30,2;0;31,9;29,8;392607;13,67;16,18;15,33;12,86;51,2;76,54;131,5;;17,32;1283,18;0,94;1,82;3,16;1;30;Nei;6469236151;796;10.2.2025 (Kvartalsrapport (4. kvartal));20.3.2025;;; 
ENSURGE MICROPOWER ASA;ENSU;NO0013186460;NOK;−6,48;−0,07;1,01;1,08;0,97;1,08;1,091;0,98;3797158;−3,2;24,69;9,78;−6,6;50,07;−96,72;−97,81;−99,95;2,68;366,62;−5,85;0,39;0;0;0;Nei;711713240;10114;19.2.2025 (Kvartalsrapport (4. kvartal));15.5.2025;;; 
TECHSTEP;TECH;NO0012916131;NOK;1,52;0,2;13,4;13,2;13;13,4;13,4;13,05;96558;−2,9;10,29;15,02;−2,19;48,89;−63,29;−58,39;−92,39;−6,34;0,43;0,79;−2,07;0;0;0;Nei;450733770;1090;14.2.2025 (Kvartalsrapport (4. kvartal));27.5.2025;;; 
BORGESTAD;BOR;NO0013256180;NOK;−2,96;−0,58;19,022;19,602;17,75;20,3;19,6;18,6;586732;2,84;10,86;17,38;−5,83;46,77;−76,07;−88,68;−95,28;5,52;0,58;0,84;3,44;0;0;0;Nei;659517574;609;28.2.2025 (Kvartalsrapport (4. kvartal));28.5.2025;;; 
AKER BIOMARINE ASA;AKBM;NO0010886625;NOK;−1,36;−0,9;65,3;66,2;60,3;68,4;67,8;64,7;1287647;−0,91;12,98;37,33;−2,68;45,6;20,26;;;2,55;2,17;1,54;25,65;0;0;40;Nei;5743368417;2039;12.2.2025 (Kvartalsrapport (4. kvartal));25.4.2025;;; 
BIEN SPAREBANK ASA;BIEN;NO0012706763;NOK;−2,33;−3;126;129;111;133;129;122;54416;7,69;3,28;35,48;3,28;44,5;;;;13,22;4,88;1,05;9,68;3,84;4,92;20;Nei;727065344;195;12.2.2025 (Kvartalsrapport (4. kvartal));27.3.2025;;; 
PHILLY SHIPYARD;PHLY;NO0010395577;NOK;0;0;75;75;74,6;76;75;74;800376;0,27;12,28;17,19;1,08;43,68;36,36;73,61;−21,67;−1,04;0,41;15,13;−72,41;0;0;10;Nei;943107450;667;;;;; 
ODFJELL DRILLING;ODL;BMG671801022;NOK;3,09;1,7;56,8;55,1;56,5;57,5;57,1;55,1;26909358;13,37;13,37;9,65;10,72;43,25;224,16;108,94;374,5;20,52;1,77;0,95;2,77;3,22;1,83;70;Ja;13597061890;3074;13.2.2025 (Kvartalsrapport (4. kvartal));16.6.2025;;; 
SCANA;SCANA;NO0003053308;NOK;0;0;2,94;2,94;2,85;2,94;2,95;2,895;771259;8,89;5,76;−13,78;2,44;42,37;97,58;241,86;−22,22;12,29;0,7;2,28;0,24;1,71;0,05;30;Nei;1337179940;2767;27.2.2025 (Kvartalsrapport (4. kvartal));22.5.2025;;; 
BW OFFSHORE LIMITED;BWO;BMG1738J1247;NOK;2,09;0,65;31,75;31,1;30,15;31,95;31,8;30,9;3940708;12,59;18,25;2,42;6,01;41,36;20,65;−50,24;−91,54;86,54;0,86;0,47;0,37;7,68;2,44;60;Ja;5835371896;1846;27.2.2025 (Kvartalsrapport (4. kvartal));28.5.2025;;; 
ANDFJORD SALMON GROUP AS;ANDF;NO0010829765;NOK;−0,73;−0,3;40,8;41,1;40,6;41,2;41,3;40,6;1023080;−0,49;0;34,65;−0,49;40,69;−3,32;;;−98,44;14591,47;2,79;−0,42;0;0;0;Nei;2687798291;1685;18.2.2025 (Kvartalsrapport (4. kvartal));29.4.2025;;; 
CADELER A/S;CADLR;DK0061412772;NOK;0,61;0,4;65,8;65,4;64;67,3;65,9;65,1;10647475;2,49;−3,09;−11,8;3,3;40,48;80,37;;;3493,08;9,83;2,14;0,02;0;0;60;Ja;22861331663;4281;25.3.2025 (Kvartalsrapport (4. kvartal));22.4.2025;;; 
VEIDEKKE;VEI;NO0005806802;NOK;0;0;141;141;139,6;142,6;141;140;3786040;0;2,47;13,53;−0,84;40,44;6,5;17,7;94,48;14,45;0,45;6,11;9,7;5,63;7,9;85;Ja;18947859887;5401;13.2.2025 (Kvartalsrapport (4. kvartal));7.5.2025;;; 
SPAREBANKEN ØST;SPOG;NO0006222009;NOK;−0,27;−0,19;70,51;70,7;70;72,4;72,39;70,51;383351;−1,93;5,24;19,19;−2;39,35;23,27;25,02;35,6;10,62;1,44;0,3;6,8;7,48;5,4;50;Nei;;1455;12.2.2025 (Kvartalsrapport (4. kvartal));27.3.2025;;; 
B2 Impact ASA;B2I;NO0010633951;NOK;−0,4;−0,04;10,08;10,12;9,58;10,5;10,3;10;3187680;0,9;1,41;23,53;0,2;39,03;−2,7;−0,69;30,91;10,77;0,95;0,66;0,93;7,61;0,76;60;Ja;3714804092;1943;13.2.2025 (Kvartalsrapport (4. kvartal));22.5.2025;;; 
SPAREBANKEN SØR;SOR;NO0006001502;NOK;−0,09;−0,18;195,82;196;195,6;199;198,2;195,58;3951031;1,99;7,51;11,71;−1,05;36,94;34,12;76,41;71,28;4,04;0,79;0,18;48,45;13,58;26,62;55;Nei;;2900;7.2.2025 (Kvartalsrapport (4. kvartal));27.3.2025;;; 
QUESTERRE ENERGY CORPORATION;QEC;CA74836K1003;NOK;−2,15;−0,042;1,916;1,958;1,87;1,948;1,946;1,876;1302800;4,7;−5,15;−12,11;4,93;36,27;14,05;28,59;−25,74;−2,79;1,9;0,56;−0,68;0;0;30;Nei;811508315;3366;22.3.2025 (Kvartalsrapport (4. kvartal));18.6.2025;;; 
LINK MOBILITY GROUP HOLDING;LINK;NO0010894231;NOK;−2,1;−0,5;23,35;23,85;22,9;23,95;23,7;23,25;5871576;0,65;−3,11;2,19;1,52;34,82;21,16;;;16,94;1,01;1,26;1,39;0;0;30;Ja;6989730556;2770;13.2.2025 (Kvartalsrapport (4. kvartal));27.5.2025;;; 
AUSTEVOLL SEAFOOD;AUSS;NO0010073489;NOK;0,82;0,8;98,85;98,05;98;100;99,25;97,55;6387526;2,33;−1,84;2,97;1,07;33,76;−7,1;8,75;108,11;8,97;0,57;0,74;10,95;4,58;4,5;80;Ja;19906846127;4314;28.2.2025 (Kvartalsrapport (4. kvartal));28.5.2025;;; 
STOREBRAND;STB;NO0003053605;NOK;−0,08;−0,1;121,5;121,6;120;122,2;122;121,2;42116212;1,17;−0,9;4,92;0,25;33,05;37,26;73,82;307,17;10,64;4,64;1,92;11,46;3,36;4,1;85;Ja;54473478010;13068;12.2.2025 (Kvartalsrapport (4. kvartal));9.4.2025;;; 
BLUENORD ASA;BNOR;NO0010379266;NOK;1,18;8;686;678;660;693;690;674;48426604;10,47;18,48;40;4,41;32,95;346,61;204,21;547,17;53,39;2,43;2,41;12,76;0;0;60;Ja;18045573840;2128;12.2.2025 (Kvartalsrapport (4. kvartal));;;; 
SPAREBANKEN VEST;SVEG;NO0006000900;NOK;−0,51;−0,72;140,86;141,58;139,92;143,2;142,3;140,02;10115486;1,4;6,94;13;−0,59;32,89;40,58;118,05;240,59;8,6;2,04;0,64;16,38;5,32;7,5;80;Ja;;4911;7.2.2025 (Kvartalsrapport (4. kvartal));27.3.2025;;; 
PROXIMAR SEAFOOD AS;PROXI;NO0010893902;NOK;−0,27;−0,01;3,68;3,69;3,61;3,72;3,71;3,67;179071;4,25;3,08;−1,6;2,79;31,9;−43,78;;;−3,14;3497,45;1,41;−1,17;0;0;0;Nei;527461014;1250;28.2.2025 (Kvartalsrapport (4. kvartal));23.4.2025;;; 
AWILCO DRILLING PLC;AWDR;NO0012785098;NOK;0;0;22,2;22,2;22,2;24,8;24,7;22,2;1343;1,83;−3,06;2,3;0;31,36;−91,86;−98,38;−99,69;0,21;0;−8,59;119,86;0;0;0;Nei;611447364;534;27.5.2025 (Kvartalsrapport (4. kvartal));23.6.2025;;; 
ELMERA GROUP ASA;ELMRA;NO0010815673;NOK;−0,79;−0,3;37,8;38,1;36,4;38,45;38,25;37,45;3209327;−2,2;−2,83;14,03;−1,05;31,25;−20,69;−34,26;;17,42;0,29;2,85;2,17;6,08;2,3;60;Ja;4339650810;3717;13.2.2025 (Kvartalsrapport (4. kvartal));30.4.2025;;; 
POLARIS MEDIA;POL;NO0010466022;NOK;1,18;1;86;85;0;0;88;86;97392;1,18;1,78;10,26;2,38;30,3;−7,53;118,27;330;7,1;1,16;1,2;11,97;1,18;1;;Nei;4214835318;378;13.2.2025 (Kvartalsrapport (4. kvartal));13.5.2025;;; 
VOSS VEKSEL- OG LANDMANDSBANK;VVL;NO0003025009;NOK;0;0;312;312;0;314;316;312;48888;−0,64;0;4,7;0,65;30;54,46;100;162,18;7,71;3,65;0,97;40,97;4,46;14,1;20;Nei;701681792;309;12.2.2025 (Kvartalsrapport (4. kvartal));29.4.2025;;; 
M VEST WATER AS;MVW;NO0010976343;NOK;−4,74;−0,45;9,05;9,5;0;10;9,5;8,95;293811;2,84;1,69;−9,5;−2,16;29,29;−25,65;;;−11,36;16,09;11,38;−0,83;0;0;0;Nei;307547574;368;13.2.2025 (Kvartalsrapport (4. kvartal));27.3.2025;;; 
SUBSEA 7;SUBC;LU0075646355;NOK;1,53;2,9;192,5;189,6;191,4;197;193;189,6;72697785;8,45;11,21;8,76;6,89;28,68;204,69;81,78;149,19;33,1;0,83;1,32;5,81;3,01;5,8;75;Ja;57463280000;4968;27.2.2025 (Kvartalsrapport (4. kvartal));;;; 
SMARTCRAFT ASA;SMCRT;NO0011008971;NOK;1,01;0,3;29,9;29,6;26;32;29,9;29,3;418228;−0,33;8,33;−8,28;1,01;27,23;46,57;;;45,16;10,34;5,89;0,66;0;0;30;Ja;5094212458;523;13.2.2025 (Kvartalsrapport (4. kvartal));2.5.2025;;; 
TOMRA SYSTEMS;TOM;NO0012470089;NOK;−0,53;−0,8;149,5;150,3;142,5;152,9;151,5;148,6;28764725;0,95;−5,56;−1,06;1,98;27,23;−52,61;3,89;415,52;70,98;2,92;6,68;2,11;1,3;1,95;85;Ja;44317211353;10934;14.2.2025 (Kvartalsrapport (4. kvartal));6.5.2025;;; 
ARCHER;ARCH;BMG0451H2087;NOK;−2;−0,55;26,95;27,5;25,1;27,9;27,77;26,5;6405187;15,59;16,67;16,77;3,75;27,12;−71,78;−67,72;−97,26;3,4;0,19;1,24;7,95;0;0;40;Nei;2480825018;2072;27.2.2025 (Kvartalsrapport (4. kvartal));9.5.2025;;; 
BOUVET;BOUV;NO0010360266;NOK;0,26;0,2;76,2;76;73,7;78;76,4;75,3;1305756;3,67;6,13;11,4;−0,39;27;0,93;97,41;902,63;20,8;2,03;17,1;3,63;3,44;2,6;70;Ja;7857708221;2542;18.2.2025 (Kvartalsrapport (4. kvartal));7.5.2025;;; 
PARETO BANK;PARB;NO0010397581;NOK;−0,88;−0,6;67,4;68;66;67,9;68,1;67,3;1021721;1,66;4,17;2,12;−0,3;25,75;13,28;74,16;180,1;8,05;4,17;1,04;8,39;5,78;3,9;70;Nei;5182813552;2307;24.1.2025 (Kvartalsrapport (4. kvartal));3.4.2025;;; 
OLAV THON EIENDOMSSELSKAP;OLT;NO0005638858;NOK;0,88;2;230;228;227;235;230;228;449602;2,22;4,55;2,68;1,32;25,34;17,59;37,23;81,82;−114,5;4,78;0,76;−2;3,06;7;70;Ja;23238669932;1803;14.2.2025 (Kvartalsrapport (4. kvartal));14.5.2025;;; 
ORKLA;ORK;NO0003733800;NOK;0,05;0,05;98,75;98,7;97,1;100;99,15;98,45;68071033;0,15;−2,61;0,25;0,41;25,1;11,76;9,77;93,06;17,29;1,42;2,1;5,7;6,09;6;85;Ja;98741093642;17696;13.2.2025 (Kvartalsrapport (4. kvartal));24.4.2025;;; 
JÆREN SPAREBANK;JAREN;NO0010359433;NOK;−2,12;−7,1;327,6;334,7;321;0;328;325,05;63745;−0,27;1,13;2,7;−0,12;24,09;57,5;114,12;200,55;5,93;3,14;0,64;54,82;4,92;16;20;Nei;;338;;;;; 
SPAREBANK 1 SMN;MING;NO0006390301;NOK;0,92;1,58;172,46;170,88;171,8;174;173,16;171;13640261;2,42;6,04;12,78;0,67;23,72;15,75;68,09;191,07;8,36;2,67;0,87;20,59;6,28;10,8;80;Ja;;6240;12.2.2025 (Kvartalsrapport (4. kvartal));20.3.2025;;; 
SPIR GROUP ASA;SPIR;NO0012548819;NOK;−0,24;−0,02;8,3;8,32;6,5;8,58;8,3;8,02;161844;−2,35;−2,12;6,41;−2,12;23,15;−61,57;;;−54,8;0,99;1;−0,15;0;0;10;Nei;1089776356;380;13.2.2025 (Kvartalsrapport (4. kvartal));28.5.2025;;; 
HOEGH AUTOLINERS ASA;HAUTO;NO0011082075;NOK;−3,27;−3,9;115,2;119,1;114,5;120;119,9;114,9;102617619;4,35;−8,64;−17,36;1,77;22,42;400,87;;;3,3;1,61;1,58;36,01;26,18;31,1;60;Ja;22701600131;11374;14.2.2025 (Kvartalsrapport (4. kvartal));27.5.2025;;; 
SCHIBSTED SER. B;SCHB;NO0010736879;NOK;−0,72;−2,4;332;334,4;300;360;334,8;324;48560135;0,85;−6,69;7,44;−0,66;22,42;11,78;28,68;;6;5,91;1,73;54,79;0,61;2;85;Ja;78931426554;1943;7.2.2025 (Kvartalsrapport (4. kvartal));7.5.2025;;; 
SEABIRD EXPLORATION;SBX;CY0101162119;NOK;−0,85;−0,05;5,8;5,85;5,76;6;5,83;5,71;366840;1,05;1,22;14,17;2,11;22,11;70,82;−38,26;−99,99;18,22;1,3;1,59;0,32;4,22;0,24;10;Nei;466762337;2237;20.2.2025 (Kvartalsrapport (4. kvartal));28.5.2025;;; 
BAKKAFROST;BAKKA;FO0000000179;NOK;0,39;2,5;639;636,5;620;670;640;631,5;21020011;1,91;−1,69;6,32;0,79;21,95;9,49;−3,77;261,54;43,66;3,18;2,29;14,5;2,07;13,09;80;Ja;37658433065;3246;17.2.2025 (Kvartalsrapport (4. kvartal));30.4.2025;;; 
SPAREBANK 1 NORD-NORGE;NONG;NO0006000801;NOK;−0,49;−0,6;122,66;123,26;122;122,9;123,4;122,1;8962933;1,94;3,86;14,91;−0,66;21,93;8,93;55,86;207,42;7,74;1,87;0,72;15,88;5,69;7;80;Ja;;3250;13.2.2025 (Kvartalsrapport (4. kvartal));;;; 
SKUE SPAREBANK;SKUE;NO0006001809;NOK;0,36;1;280;279;275;285;281,5;275,5;50778;2,21;7,3;12,9;0,36;21,74;33,33;64,71;278,38;7,72;1,16;0,26;36,44;6,04;17;30;Nei;;355;;;;; 
NORTH ENERGY;NORTH;NO0010550056;NOK;−0,4;−0,01;2,5;2,51;2,47;2,54;2,52;2,48;235634;2,04;−9,42;0;−0,79;21,36;−6,72;56,25;−18,03;10;4960,29;0,93;0,25;4;0,1;;Nei;297617662;1084;14.2.2025 (Kvartalsrapport (4. kvartal));10.4.2025;;; 
AF GRUPPEN;AFG;NO0003078107;NOK;0,68;1;149;148;147,4;149,6;149,6;147,4;3145524;1,78;3,62;19,2;0,4;21,34;−23,04;−13,62;88,55;31,68;0,53;5,04;4,69;2,36;3,5;80;Ja;16218606320;4661;14.2.2025 (Kvartalsrapport (4. kvartal));15.5.2025;;; 
SPAREBANK 1 ØSTLANDET;SPOL;NO0010751910;NOK;0,06;0,1;157,34;157,24;156,6;157,6;158;155,3;3436046;1,65;5,02;12,05;−0,2;21,22;8,06;68,1;;8,38;2,75;0,88;18,68;4,98;7,8;75;Ja;;1330;13.2.2025 (Kvartalsrapport (4. kvartal));27.3.2025;;; 
SCHIBSTED SER. A;SCHA;NO0003028904;NOK;−0,57;−2;349,6;351,6;330;356;352,8;342,8;35241184;0,29;−8,91;6,2;−0,68;20,97;2,79;28,86;97,61;6,33;6,24;1,82;54,79;0,58;2;85;Ja;78931426554;2446;7.2.2025 (Kvartalsrapport (4. kvartal));7.5.2025;;; 
ARCTIC FISH HOLDING AS;AFISH;NO0010917719;NOK;1,39;1;73;72;0;0;73;73;2482;2,82;2,82;53,36;5,04;20,66;−17,97;;;−33,61;2,66;2,42;−2,17;0;0;0;Nei;2326995669;71;12.2.2025 (Kvartalsrapport (4. kvartal));4.6.2025;;; 
INSTABANK;INSTA;NO0010762792;NOK;−0,49;−0,01;2,02;2,03;1,91;2,02;2,03;2,01;1262140;2,54;2,02;7,45;1;19,53;−0,3;;;8,03;1,56;0,81;0,25;0;0;10;Nei;764088254;412;7.2.2025 (Kvartalsrapport (4. kvartal));;;; 
SPAREBANKEN MØRE;MORG;NO0012483207;NOK;0,54;0,52;96,5;95,98;94;97,1;96,72;95,48;592629;3,26;9,91;15,57;−0,52;19,12;8,67;51,73;123,38;8,59;1,99;0,55;11,2;4,16;4;60;Nei;;1065;30.1.2025 (Kvartalsrapport (4. kvartal));9.4.2025;;; 
LERØY SEAFOOD GROUP;LSG;NO0003096208;NOK;0,45;0,22;49,42;49,2;48,86;49,52;49,74;48,92;15057575;1,6;−3,19;−1,16;0,53;18,4;−28,34;−16,58;77,77;15,29;0,95;1,48;3,22;5,07;2,5;80;Ja;29478881686;12162;28.2.2025 (Kvartalsrapport (4. kvartal));27.5.2025;;; 
VÅR ENERGI ASA;VAR;NO0011202772;NOK;2,36;0,88;38,14;37,26;37,22;38,2;38,15;37,24;230406423;12,14;5,65;7,68;8,08;17,72;;;;14,76;1,19;5,23;2,55;11,89;4,48;70;Ja;93989695162;25450;11.2.2025 (Kvartalsrapport (4. kvartal));12.5.2025;;; 
LYTIX BIOPHARMA AS;LYTIX;NO0010405780;NOK;−1,34;−0,08;5,88;5,96;5,62;5,96;6,06;5,82;180388;−1,34;−27,41;−9,26;0;17,6;−57,24;;;−4,77;24,96;7,72;−1,22;0;0;0;Nei;402140661;873;13.2.2025 (Kvartalsrapport (4. kvartal));29.4.2025;;; 
SPAREBANK 1 SØR-NORGE ASA;SB1NO;NO0010631567;NOK;0,95;1,4;148,8;147,4;146,8;150;148,8;147;38794729;3,62;3,91;10,39;1,5;17,54;11,71;46,17;182,09;10,99;5,45;1,66;13,46;3,57;5,28;85;Ja;55717715959;6580;12.2.2025 (Kvartalsrapport (4. kvartal));24.4.2025;;; 
SPAREBANK 1 ØSTFOLD AKERSHUS;SOAG;NO0010285562;NOK;−1,32;−5;375;380;366;378;375;375;98625;0;0;7,14;−1,32;17,19;7,76;58,9;219,15;7,74;3,5;1,03;48,46;5,73;21,5;45;Nei;;309;7.2.2025 (Kvartalsrapport (4. kvartal));26.3.2025;;; 
OBSERVE MEDICAL;OBSRV;NO0010865009;NOK;4,74;0,017;0,376;0,359;0,324;0,4;0,376;0,356;48614;13,94;−5,29;−1,31;4,74;17,02;−96,27;−92,63;;−1,03;3,56;0,89;−0,35;0;0;0;Nei;103128794;1385;18.3.2025 (Kvartalsrapport (4. kvartal));28.5.2025;;; 
AKASTOR;AKAST;NO0010215684;NOK;−0,6;−0,08;13,18;13,26;12,92;13,44;13,28;13,06;822293;1,54;4,94;0,3;1,54;16,64;146,82;33,94;−37,24;2,67;12,53;0,92;4,96;0;0;50;Nei;3627760000;1641;13.2.2025 (Kvartalsrapport (4. kvartal));24.4.2025;;; 
AKVA GROUP;AKVA;NO0003097503;NOK;−2,25;−1,6;69,6;71,2;0;74;71,2;68,4;117408;3,26;0;22,54;2,35;16,39;−21,09;−6,45;191,21;31,82;0,71;2,22;2,2;0;0;40;Nei;2552074217;534;14.2.2025 (Kvartalsrapport (4. kvartal));22.5.2025;;; 
PETROLIA;PSE;CY0102630916;NOK;4,42;0,2;4,72;4,52;4,22;6,3;5,1;4,5;195638;9,77;5,83;−29,02;7,27;15,97;1,51;57,33;−34,54;6,52;0,56;0,72;0,78;0;0;0;Nei;298625619;1003;29.4.2025 (Kvartalsrapport (4. kvartal));29.5.2025;;; 
WILH. WILHELMSEN HOLDING SER. B;WWIB;NO0010576010;NOK;−1,24;−5;399;404;379;399;415;393;3432292;3,1;3,37;−5,9;0;15,65;99,5;128,65;140,36;3,38;1,42;0,61;116,74;2,45;9,67;60;Ja;18371840000;1059;12.2.2025 (Kvartalsrapport (4. kvartal));30.4.2025;;; 
WILH. WILHELMSEN HOLDING SER. A;WWI;NO0010571698;NOK;−1,08;−4,5;413;417,5;410,5;424,5;419;413;3700652;2,35;0,73;−10,8;0,85;15,52;99,52;143,66;145,1;3,56;1,5;0,64;116,74;2,33;9,67;70;Ja;18371840000;1584;12.2.2025 (Kvartalsrapport (4. kvartal));30.4.2025;;; 
CLOUDBERRY CLEAN ENERGY ASA;CLOUD;NO0010876642;NOK;−0,95;−0,12;12,48;12,6;10;12,82;12,6;12,36;443473;1,46;10,83;2,46;−0,32;14,71;−22,48;;;−206,67;6,65;0,78;−0,06;0;0;30;Ja;3567669961;2150;13.2.2025 (Kvartalsrapport (4. kvartal));23.4.2025;;; 
KID;KID;NO0010743545;NOK;−0,45;−0,6;133;133,6;130,6;137;134;132,6;5689828;−0,15;3,42;−12,96;−0,75;14,66;18,12;149,06;;15,75;1,49;4,1;8,43;2,64;3,5;70;Ja;5405806546;2619;13.2.2025 (Kvartalsrapport (4. kvartal));12.5.2025;;; 
SPAREBANK 1 NORDMØRE;SNOR;NO0010691660;NOK;−0,48;−0,68;142,3;142,98;131,5;0;142,96;142;228831;−1,18;1,58;9,9;−1,13;13,84;7,8;23,74;;2,05;0,31;0,08;69,43;19,91;28,27;30;Nei;;306;12.2.2025 (Kvartalsrapport (4. kvartal));8.4.2025;;; 
DNO;DNO;NO0003921009;NOK;3,33;0,37;11,47;11,1;11,3;11,5;11,47;11,07;41625542;15,1;11,68;−5,36;9,55;13,12;9,71;0,53;−29,2;13,32;1,5;0,87;0,85;8,59;0,97;50;Ja;11046750000;6186;6.2.2025 (Kvartalsrapport (4. kvartal));5.6.2025;;; 
KITRON;KIT;NO0003079709;NOK;5,45;1,88;36,36;34,48;35,9;36,78;36,38;34,24;37704884;6,07;14,2;27,22;7,51;12,57;54,07;233,58;1942,7;18,4;0,9;3,33;1,9;2,14;0,75;70;Ja;7061559216;5664;13.2.2025 (Kvartalsrapport (4. kvartal));24.4.2025;;; 
NORDIC HALIBUT AS;NOHAL;NO0003058109;NOK;2,91;0,6;21,2;20,6;20;23,6;21,2;21;40628;−1,85;−4,5;−19,08;;12,17;−20,71;;;−7,12;9,73;1,62;−2,95;0;0;0;Nei;821234358;190;5.3.2025 (Kvartalsrapport (4. kvartal));28.5.2025;;; 
HØLAND OG SETSKOG SPAREBANK;HSPG;NO0010012636;NOK;0;0;145;145;131,26;150;145;145;1160;10,27;3,57;20,83;;11,54;0;19,83;25;17,16;0,51;0,11;8,45;0;0;0;Nei;;110;;;;; 
ATEA;ATEA;NO0004822503;NOK;−0,28;−0,4;141;141,4;140;142,2;142,2;140,8;2661033;1,59;5,22;6,02;−0,28;11,02;−14,02;10,16;83,12;20,35;0,48;3,74;6,95;4,95;7;80;Ja;15981018025;3618;6.2.2025 (Kvartalsrapport (4. kvartal));29.4.2025;;; 
GJENSIDIGE FORSIKRING;GJF;NO0010582521;NOK;−0,59;−1,2;202,8;204;202;204,6;203,6;202,4;34258177;0,9;1,81;4,21;0,9;10,7;−5,23;10,13;65,82;20,75;2,6;4,2;9,81;4,3;8,75;85;Ja;101600000000;9960;24.1.2025 (Kvartalsrapport (4. kvartal));20.3.2025;;; 
MAGNORA;MGN;NO0010187032;NOK;0,54;0,15;27,95;27,8;27,3;28,5;28,2;27,35;1499050;2,01;15,02;19,7;0,72;9,95;86,76;390,54;79,86;3,04;351,68;3,36;9,14;2,7;0,75;40;Nei;1832023826;3460;27.2.2025 (Kvartalsrapport (4. kvartal));29.4.2025;;; 
TELENOR;TEL;NO0010063308;NOK;0,31;0,4;129,9;129,5;128;132;131,2;128,1;147550039;3,51;1,17;−4,49;2,36;9,85;−6,28;−17,6;−14,65;18,3;2,21;2,58;7,1;7,24;9,4;85;Ja;177748663571;18825;6.2.2025 (Kvartalsrapport (4. kvartal));21.5.2025;;; 
STAINLESS TANKERS ASA;STST;NO0012780958;NOK;−0,7;−0,4;57;57,4;55,4;58,6;57,4;56,2;260693;4,4;5,95;−8,06;1,06;9,64;;;;5,93;1,09;1,15;9,65;0;0;20;Nei;761400000;247;5.2.2025 (Kvartalsrapport (4. kvartal));22.5.2025;;; 
SPAREBANK 1 RINGERIKE HADELAND;RING;NO0006390400;NOK;−0,3;−1;328;329;325;331,5;329;325;183154;0;2,5;8,5;−0,3;9,33;−0,61;45,13;112,46;8,35;3,85;1,08;39,4;6,08;20;40;Nei;;309;14.2.2025 (Kvartalsrapport (4. kvartal));27.3.2025;;; 
ROMERIKE SPAREBANK;ROMER;NO0010808405;NOK;0,14;0,18;128,98;128,8;126;129;129;128,78;209486;−1,54;2,53;5,17;0,3;9,31;−7,16;36,95;;6,19;0,8;0,17;20,85;7,36;9,5;20;Nei;365878830;147;14.2.2025 (Kvartalsrapport (4. kvartal));26.3.2025;;; 
SOLSTAD OFFSHORE;SOFF;NO0003080608;NOK;−0,43;−0,18;41,32;41,5;40,1;41,88;41,92;41,04;4895218;3,3;0,78;24,16;3,25;9,14;898,09;418,99;−93,39;−45,21;0,8;1,83;−0,92;0;0;20;Nei;3430567521;4678;12.2.2025 (Kvartalsrapport (4. kvartal));15.5.2025;;; 
HAVILA KYSTRUTEN AS;HKY;NO0011045429;NOK;5,66;0,043;0,803;0,76;0,6;0,803;0,815;0,72;1122575;13,1;5,1;7,79;14,88;9,1;−95,5;;;0,54;0,47;1,35;1,39;0;0;0;Nei;644557201;594;27.2.2025 (Kvartalsrapport (4. kvartal));15.5.2025;;; 
BEWI;BEWI;NO0010890965;NOK;−0,37;−0,1;27,05;27,15;25;27,8;27,35;25,05;1387913;2,46;16,34;−5,09;1,69;9,07;−63,93;;;−16,53;0,43;1,1;−1,62;0;0;60;Nei;5109399028;1445;13.2.2025 (Kvartalsrapport (4. kvartal));21.5.2025;;; 
SPAREBANK 1 HELGELAND;HELG;NO0010029804;NOK;0,68;0,98;144,98;144;127;0;144,98;144;53206;0,78;2,9;4,32;0,33;9,01;10,67;77,95;167,32;9,41;3,24;0,77;15,3;7,5;10,8;50;Nei;;584;6.2.2025 (Kvartalsrapport (4. kvartal));;;; 
BONHEUR;BONHR;NO0003110603;NOK;−1,33;−3,5;260,5;264;0;269,5;266;259,5;1608940;1,17;−3,87;−1,51;−0,19;9;−26,62;30,25;247,33;9,55;0,78;1,41;27,5;2,29;6;60;Ja;11100824073;1839;;;;; 
SELVAAG BOLIG;SBO;NO0010612450;NOK;0,41;0,15;36,6;36,45;36;36,6;37,4;36,1;4817847;2,66;4,72;4,42;1,39;8,28;−28,24;−50,27;81,19;14,36;1,28;1,49;2,56;5,44;2;60;Nei;3445889034;4766;12.2.2025 (Kvartalsrapport (4. kvartal));24.4.2025;;; 
DNB BANK ASA;DNB;NO0010161896;NOK;0,44;1;230,5;229,5;230,4;231,6;231;229,6;246478393;2,17;0,3;6,71;1,59;8,17;14,11;39,02;107,47;8,53;4,06;1,33;27,06;6,93;16;85;Ja;344177483952;20013;5.2.2025 (Kvartalsrapport (4. kvartal));29.4.2025;;; 
SUNNDAL SPAREBANK;SUNSB;NO0010672900;NOK;−2,34;−2,88;120;122,88;119,54;130;122,86;120;79230;−0,65;3,36;5,73;−2,28;8,11;−8,94;12,53;;13,2;1,7;0,4;9,31;4,66;5,72;0;Nei;339314319;95;20.2.2025 (Kvartalsrapport (4. kvartal));27.3.2025;;; 
INTEGRATED WIND SOLUTIONS ASA;IWS;NO0010955883;NOK;−0,43;−0,2;46,6;46,8;46,6;47,8;47,6;46,6;21060;1,75;−4,51;−6,8;−2,51;7,87;36,38;;;242,65;3,86;1,33;0,19;0;0;0;Nei;1831951274;121;26.2.2025 (Kvartalsrapport (4. kvartal));27.5.2025;;; 
MOWI;MOWI;NO0003054108;NOK;0,18;0,35;197,7;197,35;194,6;198;198,5;196,65;123494837;1,67;−1,2;5,52;1,51;7,83;−5,27;−13,86;88,29;20,81;1,59;2,42;9,48;3,58;7,07;80;Ja;101870884927;18281;12.2.2025 (Kvartalsrapport (4. kvartal));4.6.2025;;; 
2020 BULKERS;2020;BMG9156K1018;NOK;−0,29;−0,4;135,8;136,2;134;135,8;136,9;133,5;11320722;9,96;12,42;−12,44;9,52;7,35;21,25;152,42;;3,4;3,44;1,89;39,91;6,83;9,26;50;Nei;3119591578;6144;12.2.2025 (Kvartalsrapport (4. kvartal));6.5.2025;;; 
BELSHIPS;BELCO;NO0003094104;NOK;0,25;0,05;20,25;20,2;20,2;20,25;20,25;20,2;9353040;0;14,67;1,66;0,75;7,26;43,62;177,4;398,77;6,17;1,03;1,65;3,28;11,05;2,24;60;Nei;5126017486;3314;11.2.2025 (Kvartalsrapport (4. kvartal));7.5.2025;;; 
PANORO ENERGY;PEN;NO0010564701;NOK;1,23;0,35;28,85;28,5;24,05;29,8;29,1;28,3;6768164;7,05;7,45;2,67;3,78;6,77;33,56;28,51;83,75;5,53;1,04;1,4;5,2;3,89;1,12;60;Nei;3367988582;2791;24.4.2025 (Kvartalsrapport (4. kvartal));21.5.2025;;; 
BORREGAARD;BRG;NO0010657505;NOK;0,11;0,2;181,6;181,4;178;183;181,6;179,6;6530145;1,91;−1,09;−6,78;−0,44;6,07;−18,2;91,16;224,29;22,06;2,41;3,68;8,16;2,08;3,75;80;Ja;18060000000;3315;29.1.2025 (Kvartalsrapport (4. kvartal));10.4.2025;;; 
SCATEC ASA;SCATC;NO0010715139;NOK;2,47;2;83;81;81;83,8;83;81;22978494;4,73;4,01;3,36;4,4;5,93;−45,66;−32,74;168,61;6,87;2,97;1,23;11,93;0;0;70;Ja;13047108278;10350;31.1.2025 (Kvartalsrapport (4. kvartal));24.4.2025;;; 
PIONEER PROPERTY GROUP;PPG;NO0010735681;NOK;0,42;0,4;96,6;96,2;0;97;96,6;96;399061;−1,02;−0,62;−1,02;0;5,69;−7,12;−5,29;;−22,53;7,53;0,74;−4,27;10,4;10;30;Nei;468354799;672;28.3.2025 (Kvartalsrapport (4. kvartal));28.4.2025;30.12.2024;13.1.2025;2.5 NOK
NEKKAR;NKR;NO0003049405;NOK;−1,2;−0,12;9,88;10;9,14;11,3;10,2;9,76;563680;−0,6;0,82;5,56;−1,69;5,67;−0,9;375;108;8,31;1,34;2,47;1,18;0;0;40;Nei;1052785698;1359;13.2.2025 (Kvartalsrapport (4. kvartal));28.5.2025;;; 
KRAFT BANK ASA;KRAB;NO0010815103;NOK;;;0;8,6;8,45;8,95;0;0;0;1,18;−2,82;−4,44;−1,15;5,52;−22,31;;;18,3;2,7;0,82;0,47;0;0;0;Nei;361200000;360;7.2.2025 (Kvartalsrapport (4. kvartal));11.3.2025;;; 
ROMSDAL SPAREBANK;ROMSB;NO0010759988;NOK;1,51;1,86;125,4;123,54;124,36;125,4;125,4;125,38;38242;0,72;0,82;8,2;0,02;5,38;1,21;;;5,43;1,58;0,37;23,1;4,29;5,38;0;Nei;349505977;69;12.2.2025 (Kvartalsrapport (4. kvartal));25.3.2025;;; 
WALLENIUS WILHELMSEN;WAWI;NO0010571680;NOK;−1,6;−1,55;95,25;96,8;95;98,4;97,7;95,05;37380183;2,75;−9,11;−26,79;1,87;5,25;88,24;295,23;102,23;4,85;0,74;1;20,03;11,95;11,6;75;Ja;41041178986;6182;12.2.2025 (Kvartalsrapport (4. kvartal));29.4.2025;;; 
AURSKOG SPAREBANK;AURG;NO0006001601;NOK;−0,23;−0,55;235,45;236;234;237;235,45;235;478712;−0,23;1,49;2,37;0,19;5,11;14;38,88;98,07;12,61;2,29;0,5;18,63;7,23;17;20;Nei;;199;12.2.2025 (Kvartalsrapport (4. kvartal));;;; 
ABG SUNDAL COLLIER HOLDING;ABG;NO0003021909;NOK;0,57;0,04;7,09;7,05;6,97;7,09;7,09;6,96;744344;0,14;4,11;7,1;0,14;5,04;−23,19;77,25;40,4;13,16;1,99;3,79;0,53;6,76;0,47;65;Ja;3694144265;2960;13.2.2025 (Kvartalsrapport (4. kvartal));24.4.2025;;; 
MÅSØVAL AS;MAS;NO0010974983;NOK;−0,73;−0,2;27,3;27,5;26,6;27,3;27,5;26,8;71703;3,8;−1,09;−7,46;−1,09;5;−32,17;;;11,96;1,32;1,88;2,3;1,82;0,5;40;Nei;3368982512;622;25.2.2025 (Kvartalsrapport (4. kvartal));5.6.2025;;; 
ZWIPE;ZWIPE;NO0010721277;NOK;221,77;0,352;0,51;0,159;0,157;0,61;0,51;0,18;820396;325;368,46;45,34;230,1;5;−97,65;−87,91;;−1,02;111,1;1,2;−0,27;0;0;0;Nei;54691540;566;20.2.2025 (Kvartalsrapport (4. kvartal));;;; 
BALTIC SEA PROPERTIES;BALT;NO0010810476;NOK;−2;−1;49;50;40;53;49;49;19600;0;−2;0;;3,67;−2,7;69,44;;12,63;4,48;0,95;3,88;2,51;1,23;0;Nei;426107773;33;13.2.2025 (Kvartalsrapport (4. kvartal));15.5.2025;;; 
VISTIN PHARMA;VISTN;NO0010734122;NOK;−1,27;−0,3;23,4;23,7;23,2;24,5;23,6;23,3;194678;−1,27;−2,09;−16,43;−1,27;3,54;20,74;122,86;;16,96;2,43;3,21;1,38;3,21;0,75;30;Nei;1037663453;964;;;;; 
ODFJELL SER. A;ODF;NO0003399909;NOK;−2,79;−3,4;118,4;121,8;114;130;123;117,2;4349352;6,28;11,7;−16,38;1,37;2,96;252,38;345,11;281,94;3,21;0,72;1,16;37,27;10,63;12,72;40;Ja;9498984743;1056;6.2.2025 (Kvartalsrapport (4. kvartal));7.5.2025;;; 
AMSC ASA;AMSC;NO0010272065;NOK;1,32;0,35;26,85;26,5;25;27,95;27,6;26,3;1458691;5,92;−2,19;−0,37;3,27;1,9;−16,61;−18,02;−26,64;0,85;0;1,58;31,24;111,61;29,46;60;Nei;1897205323;1723;12.2.2025 (Kvartalsrapport (4. kvartal));24.4.2025;;; 
AURORA EIENDOM AS;AURA;NO0011032310;NOK;3,09;2,5;83,5;81;83;85,5;85;82,5;505694;4,38;1,83;7,74;3,09;1,83;−20,31;;;−32,04;4,47;0,68;−2,64;0;0;0;Nei;2631806635;134;14.2.2025 (Kvartalsrapport (4. kvartal));15.5.2025;;; 
ENTRA;ENTRA;NO0010716418;NOK;−0,52;−0,6;115,2;115,8;111,6;116,4;117,2;114,6;8495994;1,23;−4,16;−16,52;−0,35;1,59;−41,91;−21,53;51,58;−6,68;6,6;0,82;−17,29;0;0;75;Ja;20945186325;2035;12.2.2025 (Kvartalsrapport (4. kvartal));29.4.2025;;; 
GOLDEN OCEAN GROUP;GOGL;BMG396372051;NOK;−2,45;−2,6;103,7;106,3;101,05;109,5;107,5;103,7;25483299;3,08;−5,86;−24,72;4,14;1,57;30,36;106,37;369;8,23;1,97;1,08;12,87;5,76;6,1;70;Ja;21223001887;4510;28.2.2025 (Kvartalsrapport (4. kvartal));9.5.2025;;; 
NORWEGIAN AIR SHUTTLE;NAS;NO0010196140;NOK;−1,93;−0,22;11,17;11,39;11,13;11,44;11,41;11,15;38154925;0,63;4,78;−7,34;1,55;1,55;3,91;−99,42;−99,85;6,82;0,33;1,89;1,66;5,3;0,6;30;Ja;10877391014;77839;13.2.2025 (Kvartalsrapport (4. kvartal));14.5.2025;;; 
MATVAREEXPRESSEN AS;MVE;NO0013008664;NOK;;;0;72;0;0;0;0;0;0,7;−2,7;9,09;;1,41;;;;241,45;0,22;1,97;0,3;0;0;0;Nei;88346304;65;20.2.2025 (Kvartalsrapport (4. kvartal));;;; 
MELHUS SPAREBANK;MELG;NO0006001908;NOK;−0,61;−1;163;164;0;172;163,1;163;15816;0,02;3,1;3,14;−0,97;1,24;5,16;15,6;37,57;12,74;1,36;0,31;12,79;7,67;12,5;20;Nei;;263;;;;; 
SPAREBANK 68 GRADER NORD;SB68;NO0010887110;NOK;−0,89;−1,5;167;168,5;0;169;167;167;1336;−1,47;5,36;8,03;;1,22;−5,65;;;11,34;1,43;0,34;14,86;7,12;12;0;Nei;504273488;68;;;;; 
ODFJELL SER. B;ODFB;NO0003399917;NOK;−2,93;−3,5;116;119,5;112;122;119;114,5;1744274;5,45;12,62;−13,75;0,43;0,87;262,5;339,39;321,82;3,13;0,7;1,13;37,27;10,92;12,72;30;Nei;9498984743;762;6.2.2025 (Kvartalsrapport (4. kvartal));7.5.2025;;; 
SMARTOPTICS GROUP AS;SMOP;NO0011012502;NOK;0,56;0,1;18,1;18;17,25;19,35;18,45;17,6;100264;−1,09;−2,69;6,16;0,56;0,56;72,41;;;64,67;3,38;5,77;0,28;0;0;20;Nei;1774623876;307;13.2.2025 (Kvartalsrapport (4. kvartal));8.5.2025;;; 
TYSNES SPAREBANK;TYSB;NO0010731615;NOK;;;0;117,36;0;0;0;0;0;1,17;−0,96;−3,79;;0,31;0,58;−0,24;;−18,75;1,89;0,45;−6,26;5,3;6,22;10;Nei;221510897;56;;;;; 
GOODTECH;GOD;NO0004913609;NOK;−3,41;−0,35;9,9;10,25;0;10,6;10,05;9,9;34575;−3,88;7,61;−14,29;−0,6;0,2;5,88;45,59;−19,18;10,78;0,37;1,08;0,95;0;0;20;Nei;302834969;1089;14.2.2025 (Kvartalsrapport (4. kvartal));;;; 
BRUTON LIMITED;BRUT;NO0013036814;NOK;−10;−4,2;37,8;42;32;0;42;37,8;5523;0,53;−11,06;;−11,27;;;;;;;;;0;0;0;Nei;655200000;11;21.2.2025 (Kvartalsrapport (4. kvartal));12.8.2025;;; 
CAVENDISH HYDROGEN ASA;CAVEN;NO0013219535;NOK;−2,18;−0,186;8,333;8,519;8,3;8,6;8,6;8,302;633083;−4,02;−11,35;−28,8;−2,52;;;;;;;;;0;0;0;Nei;281686437;17915;20.2.2025 (Kvartalsrapport (4. kvartal));11.4.2025;;; 
FLEKKEFJORD SPAREBANK;FFSB;NO0013209858;NOK;0,45;0,5;112,5;112;111,5;112,98;112,52;112;645727;1,35;1,52;2,27;0,45;;;;;;;;;0;0;0;Nei;168750000;197;11.2.2025 (Kvartalsrapport (4. kvartal));31.3.2025;;; 
HAUGESUND SPAREBANK;HGSB;NO0010764053;NOK;2,1;3,16;153,48;150,32;150;0;153,9;150,32;26324;2,31;4,41;5,48;−1,62;;;;;;;;;0;0;0;Nei;;94;14.2.2025 (Kvartalsrapport (4. kvartal));20.3.2025;;; 
HERMANA HOLDING ASA;HERMA;NO0013401380;NOK;2,28;0,26;11,66;11,4;11,32;13,4;11,88;11,02;118858;7,17;−6,72;−25,97;3,55;;;;;;;;;0;0;0;Nei;157536008;2636;28.2.2025 (Kvartalsrapport (4. kvartal));29.4.2025;;; 
KALDVIK AS;KLDVK;NO0010884794;NOK;−2,14;−0,6;27,4;28;24;0;27,6;27,2;2592;−4,86;−11,61;14,17;−4,2;;;;;64,76;3,1;0,99;0,42;0;0;30;Nei;3607683916;303;26.2.2025 (Kvartalsrapport (4. kvartal));6.6.2025;;; 
MORELD AS;MORLD;NO0013325506;NOK;−1,57;−0,226;14,152;14,378;14,02;14,6;14,5;14,152;534946;0,37;;;−2,37;;;;;;;;;0;0;0;Nei;2523133178;139;14.2.2025 (Kvartalsrapport (4. kvartal));20.5.2025;;; 
NORDIC TECHNOLOGY GROUP AS;NTG;NO0011018434;NOK;;;0;1,9;0,87;3;0;0;0;;;;;;;;;;;;−2,69;;0;0;Nei;134749292;57;16.5.2025 (Kvartalsrapport (4. kvartal));30.5.2025;;; 
ONCOINVENT ASA;ONCIN;NO0010779341;NOK;0,31;0,01;3,21;3,2;3,17;3,48;3,49;3,18;57266;7;;;−5,31;;;;;;;;;0;0;0;Nei;297023564;185;27.2.2025 (Kvartalsrapport (4. kvartal));14.5.2025;;; 
PARATUS ENERGY SERVICES LTD.;PLSV;BMG6904D1083;NOK;−1,57;−0,74;46,26;47;46,08;48;47,66;46,2;6581801;1,18;−3,58;−15,66;0,39;;;;;;;;;0;0;40;Nei;7884077278;1791;28.2.2025 (Kvartalsrapport (4. kvartal));9.5.2025;;; 
PUBLIC PROPERTY INVEST ASA;PUBLI;NO0013178616;NOK;1,1;0,2;18,3;18,1;18;18,8;18,34;17,88;4349982;6,4;3,45;−3,53;2,75;;;;;;;;;0;0;20;Nei;3880473003;1510;13.2.2025 (Kvartalsrapport (4. kvartal));16.5.2025;;; 
ROGALAND SPAREBANK;ROGS;NO0006001007;NOK;−1,2;−1,5;124;125,5;0;124,98;125,5;120;215452;−0,69;0,4;13,14;−1,59;;;;;9,77;3,06;0,79;12,8;6;7,5;50;Nei;;1144;11.3.2025 (Kvartalsrapport (4. kvartal));31.3.2025;;; 
SHELF DRILLING (NORTH SEA), LTD.;SDNS;BMG236541170;NOK;;;0;21;0;0;0;0;0;;;;;;;;;;;;;;;;Nei;;;;;;; 
SOILTECH ASA;STECH;NO0010713571;NOK;0;0;47;47;44;47,9;47;46,5;14793;0,21;0;−7,11;2,17;;;;;;;;;0;0;0;Nei;372868719;661;20.2.2025 (Kvartalsrapport (4. kvartal));24.4.2025;;; 
TECO 2030;TECO;NO0010887516;NOK;;;0;0,55;0,071;0;0;0;0;;;;;;;;;;;;−0,71;;0;0;Nei;121341876;656;25.4.2025 (Kvartalsrapport (4. kvartal));16.5.2025;;; 
TRØNDELAG SPAREBANK;TRSB;NO0010788268;NOK;1,18;1,3;111,3;110;107;0;111,3;111;48444;1,18;;;2,11;;;;;;;;;0;0;0;Nei;;39;14.2.2025 (Kvartalsrapport (4. kvartal));27.3.2025;;; 
Vantage Drilling International Ltd.;VDI;BMG9551V1081;NOK;;;0;290;0;290;0;0;0;;;;;;;;;;;;;;;;Nei;;;;;;; 
VENTURA OFFSHORE HOLDING LTD.;VTURA;BMG730931091;NOK;−1,47;−0,4;26,85;27,25;26,05;28,95;27;26,8;97882;3,27;2,68;−4,28;−0,56;;;;;;;;;0;0;20;Nei;2854233720;237;;;;; 
WEBSTEP;WSTEP;NO0010609662;NOK;0;0;22;22;0;22,5;22,5;22;93494;0;−6,38;0;0;0;−34,52;−8,33;;70;0,67;1,72;0,32;4,46;1;20;Nei;634222530;534;13.2.2025 (Kvartalsrapport (4. kvartal));16.5.2025;;; 
SPOTLIO AS;SPOT;NO0010781560;NOK;8,4;0,02;0,258;0,238;0,226;0,26;0,258;0,258;1290;8,4;22,86;−14;;−0,39;−90,23;;;0,33;0,62;0,45;0,72;0;0;0;Nei;46919371;402;6.3.2025 (Kvartalsrapport (3. kvartal));10.9.2025;;; 
LUMI GRUPPEN AS;LUMI;NO0010927288;NOK;;;0;14,9;6,7;16;0;0;0;2,76;30,7;25,21;2,76;−0,67;−68,19;;;−51,96;2,71;1,92;−0,29;0;0;10;Nei;864716672;97;12.2.2025 (Kvartalsrapport (4. kvartal));6.5.2025;;; 
GRONG SPAREBANK;GRONG;NO0010636491;NOK;−0,01;−0,02;149,98;150;0;154;149,98;149,98;1200;−0,01;0,01;4,3;;−0,68;13,21;50,95;;8,84;1,85;0,47;16,97;6,67;10;20;Nei;595871250;142;19.2.2025 (Kvartalsrapport (4. kvartal));9.4.2025;;; 
NEXT BIOMETRICS GROUP;NEXT;NO0010629108;NOK;0;0;6,94;6,94;6,74;7,9;6,94;6,74;272231;2,06;7,1;−12,59;0,87;−0,86;−12,04;98,07;−82,8;−23,57;10,27;8,3;−0,29;0;0;20;Nei;780747747;1992;19.2.2025 (Kvartalsrapport (4. kvartal));9.5.2025;;; 
SALMON EVOLUTION ASA;SALME;NO0010892094;NOK;−1,18;−0,08;6,7;6,78;6,66;6,8;6,85;6,69;1843371;0,9;2,29;−2,05;0,3;−1,33;−22,09;;;−43,08;7,82;1,63;−0,16;0;0;30;Nei;3136450415;9613;11.2.2025 (Kvartalsrapport (4. kvartal));5.6.2025;;; 
AASEN SPAREBANK;AASB;NO0010672181;NOK;0,39;0,48;124,98;124,5;118,56;126,44;124,98;124,98;6874;0,48;5,38;10,17;0,45;−1,59;−6,48;3,67;;2,81;1,15;0,29;44,49;7,2;9;10;Nei;216185905;104;6.3.2025 (Kvartalsrapport (4. kvartal));20.3.2025;;; 
EIDESVIK OFFSHORE;EIOF;NO0010263023;NOK;−1,74;−0,24;13,56;13,8;13,24;13,72;13,82;13,3;421555;2,73;2,73;−10,32;1,35;−2,02;233,17;158,78;−31,68;6,28;1,32;0,62;2,19;0;0;10;Nei;1004250662;1231;18.2.2025 (Kvartalsrapport (4. kvartal));20.5.2025;;; 
SALMAR;SALM;NO0010310956;NOK;−0,27;−1,5;549;550,5;540,5;554;555;549;67847083;1,29;−5,59;0,73;1,57;−2,73;−9,7;20,93;322,31;22,01;2,75;3,16;25,1;6,33;35;80;Ja;72951503300;11101;18.2.2025 (Kvartalsrapport (4. kvartal));18.6.2025;;; 
ADS MARITIME HOLDING PLC;ADS;CY0108052115;NOK;;;0;1,96;1,82;2,04;0;0;0;−0,51;1,03;−1,51;2,08;−2,97;22,25;−93,58;;8,05;25,13;0,74;0,24;0;0;0;Nei;139178322;411;27.2.2025 (Kvartalsrapport (4. kvartal));29.5.2025;;; 
GENTIAN DIAGNOSTICS ASA;GENT;NO0010748866;NOK;−4,31;−1,8;40;41,8;36;0;41,6;38,2;60783;−0,5;1,01;−8,26;2,04;−3,61;−44,44;−37,3;;231,23;4;4,01;0,17;0;0;10;Nei;626147410;380;12.2.2025 (Kvartalsrapport (4. kvartal));6.5.2025;;; 
BENCHMARK HOLDINGS PLC;BMK;GB00BGHPT808;NOK;4,95;0,25;5,3;5,05;0;6,95;5,3;5,3;31800;;−7,02;−3,64;;−3,64;;;;;;;−0,75;;0;0;Nei;3923782088;41;;;;; 
EUROPRIS;EPR;NO0010735343;NOK;0,34;0,25;73,5;73,25;72;73,95;73,6;72,45;9277556;2,73;7,46;11,28;1,1;−3,8;4,26;116,81;;14,04;1,06;3,36;5,17;4,47;3,25;80;Ja;12205425713;7262;29.1.2025 (Kvartalsrapport (4. kvartal));24.4.2025;;; 
NORDIC AQUA PARTNERS AS;NOAP;NO0012928805;NOK;4,03;3;77,5;74,5;75,5;77,5;77,5;73;220919;4,73;4,03;−4,32;4,73;−4,17;22,9;;;−6,85;27,52;1,93;−10,94;0;0;0;Nei;1501284137;513;27.2.2025 (Kvartalsrapport (4. kvartal));15.5.2025;;; 
RANA GRUBER ASA;RANA;NO0010907389;NOK;−1,04;−0,8;76,3;77,1;76;77,2;77;76;4547289;3,95;−1,17;4,09;0;−4,51;60,19;;;5,75;1,54;3,14;13,27;16,2;12,36;60;Nei;2829592520;5376;13.2.2025 (Kvartalsrapport (4. kvartal));11.4.2025;;; 
OTELLO CORPORATION;OTEC;NO0010040611;NOK;−0,78;−0,06;7,6;7,66;7,52;7,8;7,72;7,58;3666718;2,15;−0,78;−4,76;−0,78;−4,52;−71,69;−53,37;−92,5;−3,59;0;0,62;−2,12;0;0;40;Nei;692357940;927;18.2.2025 (Kvartalsrapport (4. kvartal));3.6.2025;;; 
Sea1 Offshore Inc.;SEA1;KYG812291253;NOK;0,4;0,1;25,4;25,3;24,2;25,9;25,85;25;2154517;4,31;−7,64;−11,34;3,89;−4,69;647,06;−79,18;−93,57;1,38;1,03;0,72;18,29;0;0;40;Nei;3869302097;1954;;;;; 
NIDAROS SPAREBANK;NISB;NO0010733082;NOK;5,45;5,5;106,5;101;0;106,5;107,5;106,5;6508;5,42;6,5;6,5;5,42;−4,91;−5,75;−4,91;;3,41;0,85;0,2;29,6;5,61;5,67;0;Nei;113985671;60;11.3.2025 (Kvartalsrapport (4. kvartal));20.3.2025;;; 
SAGA PURE;SAGA;NO0010572589;NOK;0;0;1,245;1,245;1,235;1,25;1,245;1,24;262489;−0,4;−1,58;−3,49;0;−4,96;−62,39;3,75;−11,7;62;0;0,67;0,02;0;0;10;Nei;601249245;3867;13.2.2025 (Kvartalsrapport (4. kvartal));;;; 
S.D. STANDARD ETC PLC;SDSD;CY0101550917;NOK;0;0;1,71;1,71;1,68;1,766;1,71;1,69;537111;−0,58;0;−6,04;1,3;−5,21;24,82;27,61;−46,73;−4,94;0;0,61;−0,34;0;0;40;Nei;889523000;794;13.2.2025 (Kvartalsrapport (4. kvartal));4.6.2025;;; 
ELEKTROIMPORTØREN AS;ELIMP;NO0010911902;NOK;−1,54;−0,2;12,8;13;11,6;13;13;12,8;84695;3,23;−2,66;32,23;4,07;−5,28;−84,43;;;18,87;0,41;1,52;0,68;0;0;10;Nei;650012160;578;12.2.2025 (Kvartalsrapport (4. kvartal));30.4.2025;;; 
PYRUM INNOVATIONS AG;PYRUM;DE000A2G8ZX8;NOK;−3,32;−11;320;331;317;332;321;320;163135;−0,93;−8,57;9,97;−0,93;−6,43;−68,63;;;−9,69;112,64;4,77;−34,17;0;0;0;Nei;1197350132;22;28.3.2025 (Kvartalsrapport (4. kvartal));24.7.2025;;; 
KONGSBERG AUTOMOTIVE;KOA;NO0003033102;NOK;−1,95;−0,038;1,906;1,944;1,89;1,938;1,94;1,87;9149737;−8,14;29,48;25,07;−1,45;−6,84;−37,1;−83,16;−82,39;−4,15;0,19;0,74;−0,46;0;0;50;Nei;1809606795;16492;25.2.2025 (Kvartalsrapport (4. kvartal));23.5.2025;;; 
JINHUI SHIPPING AND TRANSPORTATION;JIN;BMG5137R1088;NOK;4,03;0,24;6,2;5,96;5,8;6,4;6,38;5,96;92882;6,16;−4,91;−1,27;3,33;−7,6;−43,89;10,52;−50,09;−6,69;0,45;0,18;−0,9;0;0;45;Nei;655553658;1313;28.2.2025 (Kvartalsrapport (4. kvartal));28.5.2025;;; 
STOLT-NIELSEN;SNI;BMG850801025;NOK;−2,95;−9;296;305;296;310;303;296;15698981;3,32;9,43;−18,12;2,42;−7,79;117,33;152,99;137,75;5,1;0,58;0,91;59,27;1,92;5,82;80;Ja;17644924494;1805;30.1.2025 (Kvartalsrapport (4. kvartal));17.4.2025;;; 
BW ENERGY LIMITED;BWE;BMG0702P1086;NOK;1,02;0,25;24,8;24,55;22,5;25,2;25,15;24,3;4275132;8,53;12,98;2,69;5,31;−7,81;23,38;;;2,75;0,67;0,81;8,88;0;0;60;Nei;5717024920;1807;31.1.2025 (Kvartalsrapport (4. kvartal));30.4.2025;;; 
GRIEG SEAFOOD;GSF;NO0010365521;NOK;0;0;62,4;62,4;59;64;62,75;61,55;7103733;4;1,22;6,21;0,56;−8,24;−24,91;−55,65;117,42;−8,67;0,98;1,11;−7,2;7,21;4,5;80;Ja;6979214504;5170;20.2.2025 (Kvartalsrapport (4. kvartal));4.6.2025;;; 
NORSK HYDRO;NHY;NO0005052605;NOK;−2,03;−1,3;62,62;63,92;62,4;63,18;63,38;62,4;211686909;0,03;−8,18;−8,85;0,13;−8,29;−9,93;87,43;46,55;89,04;0,65;1,22;0,71;3,95;2,5;80;Ja;126648368514;19843;14.2.2025 (Kvartalsrapport (4. kvartal));9.5.2025;;; 
FLEX LNG;FLNG;BMG359472021;NOK;1,47;4;276,8;272,8;260;285;280,4;273,6;16664873;11,79;4,85;0;8,63;−8,83;40,51;194,47;276,58;15,36;3,95;1,77;18,18;11,39;31,79;70;Ja;15222074740;1691;28.2.2025 (Kvartalsrapport (4. kvartal));9.5.2025;;; 
MPC ENERGY SOLUTIONS N.V.;MPCES;NL0015268814;NOK;−0,62;−0,06;9,68;9,74;9,48;9,68;9,8;9,56;324106;−0,62;2,98;−22,87;0,83;−9,11;−64,84;;;−2,41;1,82;0,3;−4,02;0;0;0;Nei;215199775;495;28.2.2025 (Kvartalsrapport (4. kvartal));29.4.2025;;; 
OMDA AS;OMDA;NO0010894512;NOK;7,14;2,2;33;30,8;0;0;33,1;33;38026;5,77;13,79;5,43;0;−10,81;−61,63;;;−32,35;1,64;6,55;−1,02;0;0;0;Nei;689870181;188;;;;; 
TGS ASA;TGS;NO0003078800;NOK;1,1;1,3;119;117,7;115,5;119,6;119,2;116,8;50861777;7,59;10,29;23,96;4,94;−11,19;40,7;−54,84;−26,18;46,85;2,14;1,79;2,53;3,21;3,81;75;Ja;23238757891;8295;20.2.2025 (Kvartalsrapport (4. kvartal));8.5.2025;;; 
NORSK TITANIUM AS;NTI;NO0010969108;NOK;−2,3;−0,06;2,55;2,61;2,51;2,6;2,62;2,54;4730281;0,79;8,97;9,91;−3,04;−11,51;−55,77;;;−3,35;78,55;−196,72;−0,77;0;0;0;Nei;2077528005;2780;4.2.2025 (Kvartalsrapport (4. kvartal));6.5.2025;;; 
AKER;AKER;NO0010234552;NOK;1,22;7;581;574;560;598;586;574;25679520;7,59;1,04;2,65;5,83;−12,04;−29,58;6,02;252,12;5,89;3,22;0,85;99,03;2,66;15,5;75;Ja;43255323684;5044;14.2.2025 (Kvartalsrapport (4. kvartal));30.4.2025;;; 
HAFNIA LIMITED;HAFNI;SGXZ53070850;NOK;−2,78;−1,8;62,95;64,75;62,8;64,8;64,9;62,7;53610012;6,88;2,19;−19,86;3,62;−12,39;262,2;124,82;;3,5;1,49;1,42;18,14;16,07;10,21;70;Ja;32573412459;5883;27.2.2025 (Kvartalsrapport (4. kvartal));14.5.2025;;; 
ODFJELL TECHNOLOGY LTD;OTL;BMG6716L1081;NOK;0,84;0,4;48,25;47,85;43,85;49,9;48,5;47,4;1779787;9,41;3,88;−1,73;10,54;−12,59;;;;6,01;0,36;1,76;7,98;6,6;3,17;40;Ja;1892292423;1812;14.2.2025 (Kvartalsrapport (4. kvartal));16.6.2025;;; 
NORCOD;NCOD;NO0010892912;NOK;0;0;14,15;14,15;0;20,8;17,45;13,35;225287;0;−24,73;−29,95;4,81;−12,65;−86,51;;;−2,02;1,74;2,8;−7,03;0;0;0;Nei;591342714;1367;13.2.2025 (Kvartalsrapport (4. kvartal));;;; 
EQUINOR;EQNR;NO0010096985;NOK;2,21;6,15;284,65;278,5;283,75;287;286,15;278,9;971173348;11,39;6,17;0,92;7,25;−12,78;20,67;59,96;118,79;7,85;0,71;1,6;36,01;13,72;38,78;80;Ja;779051687087;47760;5.2.2025 (Kvartalsrapport (4. kvartal));14.5.2025;13.2.2025;28.2.2025;3.85 NOK
NORDIC SEMICONDUCTOR;NOD;NO0003055501;NOK;0,73;0,75;103,7;102,95;102;105,2;103,8;100,5;58881125;4,52;5,86;4,54;3,24;−13,08;−65,15;83,54;114,26;−39,15;4,08;3,19;−2,6;0;0;70;Ja;19509497920;11300;5.2.2025 (Kvartalsrapport (4. kvartal));29.4.2025;;; 
KLAVENESS COMBINATION CARRIERS;KCC;NO0010833262;NOK;−1,04;−0,8;76,4;77,2;76;77,8;78;76,4;7416896;3,52;−1,29;−17,76;2,55;−13,57;59,17;61,86;;4,52;1,5;1,28;17,2;16,37;12,72;40;Nei;4685512902;3253;14.2.2025 (Kvartalsrapport (4. kvartal));23.4.2025;;; 
GIGANTE SALMON AS;GIGA;NO0011013765;NOK;2,47;0,2;8,3;8,1;8,14;8,38;8,3;8;175750;5,06;3,75;15,6;4,27;−13,83;74,66;;;−510,81;0;2,88;−0,02;0;0;0;Nei;1387235111;760;21.1.2025 (Kvartalsrapport (4. kvartal));21.5.2025;;; 
PHOTOCURE;PHO;NO0010000045;NOK;−4,1;−2,5;58,5;61;57,7;63;61;58,1;5849851;−8,45;19,51;14,48;−5,65;−13,97;−43,04;−34,71;99,66;121,84;3,08;3,36;0,49;0;0;40;Nei;1627249200;2453;19.2.2025 (Kvartalsrapport (4. kvartal));5.5.2025;;; 
BW LPG;BWLPG;SGXZ69436764;NOK;0,52;0,7;134,4;133,7;134;136,7;136,4;133;51396696;11,54;−0,44;−19,86;7,26;−14,56;168,53;71,98;157,22;4,27;0,56;1,32;31,68;21,72;29,36;70;Ja;21582711000;6407;27.2.2025 (Kvartalsrapport (4. kvartal));15.5.2025;;; 
ARENDALS FOSSEKOMPANI;AFK;NO0003572802;NOK;0;0;141,4;141,4;140;143;142,4;141,2;1662036;−1,12;−0,42;−14,92;−0,7;−14,61;−68,22;31,9;76,75;−8,84;1,44;2,18;−15,99;0,71;1;50;Nei;7917728350;1692;14.2.2025 (Kvartalsrapport (4. kvartal));15.5.2025;;; 
ELKEM;ELK;NO0010816093;NOK;−0,23;−0,04;17,45;17,49;17,3;17,66;17,6;17,28;13518104;0,93;−5,01;−16,19;−0,4;−14,79;−41,48;−29,98;;217,5;0,35;0,45;0,08;0;0;70;Ja;11113491150;11174;12.2.2025 (Kvartalsrapport (4. kvartal));30.4.2025;;; 
OKEANIS ECO TANKERS;OET;MHY641771016;NOK;−4,02;−10;238,5;248,5;238;250;248;238,5;23552377;6,95;−1,85;−33,75;3,25;−15,28;235,92;122,9;;6,57;1,92;1,88;36,82;20,81;50,36;70;Ja;7975825000;2334;19.2.2025 (Kvartalsrapport (4. kvartal));30.5.2025;;; 
YARA INTERNATIONAL;YAR;NO0010208051;NOK;0,52;1,6;306,5;304,9;305;309,5;307,2;302,2;124062941;2,51;−1,42;−10,88;1,89;−15,8;−31,12;−15,17;−9,29;13,33;0,52;1,01;22,82;1,61;4,88;85;Ja;77818679048;22059;7.2.2025 (Kvartalsrapport (4. kvartal));28.5.2025;;; 
STRONGPOINT;STRO;NO0010098247;NOK;0,43;0,05;11,7;11,65;11,65;11,9;11,9;11,65;203295;13,59;14,71;14,15;4,93;−16,13;−54,65;−2,09;51,55;−8,95;0,41;1,12;−1,33;0;0;40;Nei;534171389;1207;13.2.2025 (Kvartalsrapport (4. kvartal));29.4.2025;;; 
BYGGMA;BMA;NO0003087603;NOK;−0,59;−0,1;16,75;16,85;15,2;19;17,9;16,75;91743;11,3;12,79;−0,59;7,37;−16,25;−36,07;83,06;343,12;34,9;0,54;1,04;0,48;0;0;40;Nei;1169706268;851;27.2.2025 (Kvartalsrapport (4. kvartal));27.5.2025;;; 
ELECTROMAGNETIC GEOSERVICES;EMGS;NO0010358484;NOK;1,75;0,035;2,04;2,005;2;2,2;2,11;2;206798;4,62;0;−7,06;−0,49;−16,39;71,14;−6,42;−97,58;−2,84;1,62;45,27;−0,74;0;0;20;Nei;276346046;1959;6.2.2025 (Kvartalsrapport (4. kvartal));19.6.2025;;; 
TIETOEVRY;TIETO;FI0009000277;NOK;0,49;1;203,6;202,6;200;225;205;202,6;223976;2,98;2,47;−3,23;1,6;−16,56;−25,96;−25,58;;13,05;0,72;1,33;15,61;8,09;16,49;75;Nei;24472629207;581;14.2.2025 (Kvartalsrapport (4. kvartal));25.3.2025;;; 
CAMBI ASA;CAMBI;NO0010078850;NOK;0;0;14,6;14,6;14,2;15,35;14,6;14,35;186778;0,69;3,55;6,18;0,69;−16,81;56,99;;;17,38;2,14;4,68;0,84;6,85;1;20;Nei;2337076020;970;6.3.2025 (Kvartalsrapport (4. kvartal));8.5.2025;;; 
ICELANDIC SALMON;ISLAX;NO0010724701;NOK;0,84;1;120;119;0;0;120;114;490096;0;0;11,11;0;−17,24;−18,92;;;−1347,63;2,43;2,11;−0,09;0;0;20;Nei;3679868575;155;25.4.2025 (Kvartalsrapport (4. kvartal));18.6.2025;;; 
CAPSOL TECHNOLOGIES ASA;CAPSL;NO0010923121;NOK;−0,45;−0,05;10,95;11;10,75;11,45;11,35;10,65;129515;1,86;−1,35;−14,45;−0,45;−17,36;−55,84;;;−114,65;9,52;19,89;−0,09;0;0;20;Nei;679305625;844;24.2.2025 (Kvartalsrapport (4. kvartal));21.5.2025;;; 
GENTOO MEDIA INC.;G2MNO;US36467X2062;NOK;−1,63;−0,4;24,2;24,6;0;30;24,65;24,2;171079;−2,42;−2,42;−7,98;−2,22;−17,41;35,04;196,21;33,7;77,56;2,47;2,97;0,32;0;0;40;Nei;3320856030;1024;18.2.2025 (Kvartalsrapport (4. kvartal));;;; 
HIMALAYA SHIPPING LTD;HSHP;BMG4660A1036;NOK;−3,71;−2,2;57,1;59,3;57;62;60,8;57,1;8492155;5,74;−9,65;−37,05;4,01;−18,19;13,23;;;10,21;2,15;1,63;5,71;0;0;50;Nei;2559370000;1082;20.2.2025 (Kvartalsrapport (4. kvartal));8.8.2025;13.12.2024;8.1.2025;0.11 NOK
OKEA;OKEA;NO0010816895;NOK;0,28;0,06;21,8;21,74;21,2;22;22;21,3;5880323;12,89;9,55;−7;5,83;−19,02;−13,83;24,29;;−2,37;0,21;3,09;−9,12;4,63;1;50;Nei;2252776388;3698;30.1.2025 (Kvartalsrapport (4. kvartal));13.5.2025;;; 
CYVIZ AS;CYVIZ;NO0010015175;NOK;−2,5;−0,8;31,2;32;29,2;32;31,2;30;60951;−1,27;0,97;1,96;0,65;−19,17;−35,64;;;−97,23;0,68;4,06;−0,31;0;0;0;Nei;395297110;311;13.2.2025 (Kvartalsrapport (4. kvartal));15.5.2025;;; 
AKER BP;AKRBP;NO0010345853;NOK;2,06;4,8;237,7;232,9;237;237,7;237,7;231,6;295366082;10,71;6,74;−1,78;7,22;−20,37;−12,48;−17,75;511,21;9,6;1,08;1,18;24,43;9,54;22,38;70;Ja;148904432676;24625;12.2.2025 (Kvartalsrapport (4. kvartal));9.5.2025;;; 
AKER SOLUTIONS;AKSO;NO0010716582;NOK;1,4;0,46;33,3;32,84;32,22;33,4;33,32;32,44;28922240;7,42;2,46;−19,72;7,07;−21,43;42,43;62,82;2,65;1,36;0,34;0,85;24,3;6,06;2;70;Ja;16241513937;12514;11.2.2025 (Kvartalsrapport (4. kvartal));28.4.2025;;; 
AIRTHINGS;AIRX;NO0010895568;NOK;−2,86;−0,07;2,38;2,45;2,27;2,45;2,45;2,3;166364;1,28;0,85;−3,25;1,28;−21,58;−78,48;;;−7,44;1,14;0,91;−0,32;0;0;0;Nei;484508193;1481;6.2.2025 (Kvartalsrapport (4. kvartal));28.5.2025;;; 
NORAM DRILLING AS;NORAM;NO0010360019;NOK;−2,96;−1;32,75;33,75;32,7;33,1;34,5;32,75;5847046;2,83;−3,96;−15,59;−2,24;−22,21;;;;2102,88;1,36;1,83;0,02;29,9;9,97;30;Nei;1427418168;2188;28.2.2025 (Kvartalsrapport (4. kvartal));11.6.2025;;; 
BIOFISH HOLDING AS;BFISH;NO0010955198;NOK;1,36;0,015;1,12;1,105;1,035;1,22;1,12;1,075;142004;0;3,7;−6,28;2,28;−22,22;−88,69;;;−4,93;1,86;0,6;−0,22;0;0;0;Nei;119659288;584;28.2.2025 (Kvartalsrapport (4. kvartal));8.5.2025;;; 
GYLDENDAL;GYL;NO0004288200;NOK;;;0;392;392;450;0;0;0;−0,51;−2;−6,67;−0,51;−22,38;−36,26;−12,89;91,22;−25,54;0,35;1,03;−15,35;0;0;0;Nei;922078080;88;20.3.2025 (Kvartalsrapport (4. kvartal));17.6.2025;;; 
KOMPLETT ASA;KOMPL;NO0011016040;NOK;−0,23;−0,02;8,6;8,62;8,3;8,98;8,62;8,32;52748;−0,92;2,63;2,14;0,47;−22,52;−87,26;;;−1,3;0,1;0,56;−6,61;0;0;40;Nei;1511440808;2248;13.2.2025 (Kvartalsrapport (4. kvartal));7.5.2025;;; 
FRONTLINE PLC;FRO;CY0200352116;NOK;−3,8;−6,45;163,35;169,8;162,4;165,3;169,9;162,85;287816123;5,49;−7,03;−35,41;4,34;−22,53;160,11;44,05;68,4;6,4;1,72;1,6;26,04;13,25;22,08;70;Ja;37129218571;15926;28.2.2025 (Kvartalsrapport (4. kvartal));12.12.2025;10.12.2024;3.1.2025;3.77 NOK
ABL GROUP ASA;ABL;NO0010715394;NOK;0,61;0,06;9,9;9,84;9,8;10,25;10;9,88;857303;2,06;−1;−3,41;3,13;−23,26;−4,81;155,15;31,77;46,99;0,44;1,26;0,21;7,63;0,76;40;Nei;1288018383;1023;26.2.2025 (Kvartalsrapport (4. kvartal));28.5.2025;;; 
EDDA WIND ASA;EWIND;NO0010998529;NOK;0;0;19,15;19,15;19,15;19,9;19,65;19,15;140220;−4,01;−7,04;−7,93;1,06;−23,4;−43,51;;;−29,85;3,46;0,78;−0,64;0;0;40;Nei;2482838170;1704;26.2.2025 (Kvartalsrapport (4. kvartal));28.5.2025;;; 
ININ GROUP AS;ININ;NO0010864036;NOK;−2,5;−0,06;2,34;2,4;1,9;2,65;2,34;2,26;175875;8,33;−37,93;−36,41;1,74;−23,53;;;;−3,59;0,3;1;−0,64;0;0;0;Nei;309904070;652;26.2.2025 (Kvartalsrapport (4. kvartal));13.5.2025;;; 
NORTHERN OCEAN LTD.;NOL;BMG6682J1036;NOK;3,43;0,27;8,15;7,88;7,01;8,78;8,19;7,79;638505;6,54;−1,69;25,77;5,71;−23,69;27,23;;;−1,75;0,81;0,53;−4,45;0;0;20;Nei;2365080058;737;25.2.2025 (Kvartalsrapport (4. kvartal));;;; 
AXACTOR ASA;ACR;NO0010840515;NOK;2,29;0,085;3,79;3,705;3,64;3,86;3,795;3,7;508772;−4,05;9,06;−8,01;2,71;−27,12;−49,8;−80,28;−63,8;6,93;0,41;0,24;0,54;0;0;60;Nei;1123981126;3204;14.2.2025 (Kvartalsrapport (4. kvartal));6.5.2025;;; 
COOL COMPANY LTD.;CLCO;BMG2415A1137;NOK;0,37;0,35;95,6;95,25;90;110;100,4;93,55;11658972;11,16;9,19;−18,64;7,9;−27,47;;;;3,99;1,26;0,65;24,7;4,23;4,17;50;Nei;5310886074;549;27.2.2025 (Kvartalsrapport (4. kvartal));24.11.2025;;; 
HOFSETH BIOCARE;HBC;NO0010598683;NOK;5,14;0,09;1,84;1,75;1,52;1,84;1,87;1,8;432807;15;50,82;12,88;8,24;−28,68;−73,33;−80,57;−32,89;−5,47;3;17,33;−0,33;0;0;;Nei;728924500;765;14.2.2025 (Kvartalsrapport (4. kvartal));23.5.2025;;; 
DEEP VALUE DRILLER AS;DVD;NO0010955917;NOK;0;0;16,9;16,9;16,26;19,92;17,28;16,7;1293745;6,69;3,05;−16,95;4,32;−29,58;55,05;;;6,6;2,56;4,44;2,54;0;0;20;Nei;1454770072;1076;7.2.2025 (Kvartalsrapport (4. kvartal));;;; 
NAVAMEDIC;NAVA;NO0010205966;NOK;1,97;0,5;25,9;25,4;24,6;28,5;25,9;25,4;143587;1,97;0,78;−16,45;0,78;−30;−23,82;33,36;197,21;20,99;0,86;1,99;1,22;0;0;20;Nei;452167091;778;;;;; 
MEDISTIM;MEDI;NO0010159684;NOK;0;0;152,5;152,5;143;165;165;149;520420;1,67;3,74;−10,56;2,01;−30,68;−58,5;−20,98;408,33;27,75;5,15;7,09;5,55;2,92;4,5;60;Nei;2860624416;575;;;;; 
GOLDEN ENERGY OFFSHORE SERVICES ASA;GEOS;NO0013228585;NOK;2,04;0,4;20;19,6;17,65;20,8;20;19,6;185212;2,56;21,95;−17,36;2,04;−30,84;46,78;−73,02;;11,4;1,17;0,93;1,72;0;0;0;Nei;491656082;435;27.2.2025 (Kvartalsrapport (4. kvartal));10.6.2025;;; 
THE KINGFISH COMPANY;KING;NL00150001S5;NOK;8,49;0,45;5,75;5,3;3,82;0;5,95;5,2;40706;6,48;−14,18;−10,16;9,52;−31,55;−67,9;;;−2,55;2,38;0,72;−2,33;0;0;0;Nei;659553281;326;;;;; 
AYFIE INTERNATIONAL AS;AIX;NO0012861683;NOK;−2,38;−0,1;4,1;4,2;3,53;5;4,2;3,9;331838;13,26;0;32,26;−6,82;−31,66;−59,91;;;−3,04;4,37;−32,89;−1,3;0;0;0;Nei;83207116;367;;;;; 
DESERT CONTROL AS;DSRT;NO0010963275;NOK;−0,36;−0,02;5,48;5,5;5,4;6,23;5,7;5,4;581605;0,74;10,82;−23,99;3,4;−32,01;−84,64;;;−3,16;148,51;2,24;−1,71;0;0;0;Nei;291199915;2505;12.2.2025 (Kvartalsrapport (4. kvartal));;;; 
ITERA;ITERA;NO0010001118;NOK;−1,11;−0,1;8,9;9;8,1;9,2;9,2;8,9;56118;−1,98;−3,68;−19,46;−0,45;−32,06;−41,64;−27,94;187,1;18,04;0,88;15,79;0,51;4,35;0,4;30;Nei;756116941;767;14.2.2025 (Kvartalsrapport (4. kvartal));27.5.2025;;; 
Genetic Analysis AS;GEAN;NO0010692130;NOK;−3,51;−0,02;0,55;0,57;0,55;0,55;0,7;0,451;163824,86;18,28;3,77;−23,61;7,84;−32,1;−91,19;;;−2,53;2,19;0,93;−0,24;0;0;0;Nei;29629963;411;26.2.2025 (Kvartalsrapport (4. kvartal));;;; 
RIVER TECH;RIVER;MT0001710103;NOK;−0,54;−0,1;18,5;18,6;16;18,6;18,5;18,5;185;3,93;14,2;−19,57;−0,54;−33,45;−71,97;15,63;;4,28;2,16;2,48;4,33;0;0;0;Nei;380217088;123;;;;; 
HAV GROUP ASA;HAV;NO0010931918;NOK;−0,31;−0,02;6,38;6,4;6;6,5;6,46;6,22;168923;−1,85;3,91;−26,33;1,59;−33,54;−55,06;;;−3,09;0,4;2,33;−2,09;0;0;10;Nei;221900000;2289;14.3.2025 (Kvartalsrapport (4. kvartal));27.5.2025;;; 
PCI BIOTECH HOLDING;PCIB;NO0010405640;NOK;1,76;0,024;1,388;1,364;1,22;1,43;1,426;1,24;102228;6,61;−0,86;−22,37;16,84;−33,9;−90,02;−98,28;−81,96;−4,84;8,39;1,25;−0,27;0;0;0;Nei;48972224;2964;27.2.2025 (Kvartalsrapport (4. kvartal));22.5.2025;;; 
CONTEXTVISION;CONTX;SE0014731154;NOK;−2,5;−0,14;5,46;5,6;5,32;5,88;5,6;5,46;310863;−4,55;5;3,02;−0,73;−34,22;−66,91;−46,99;149,32;20,16;3,26;5,53;0,28;0;0;30;Nei;433258000;606;20.2.2025 (Kvartalsrapport (4. kvartal));13.5.2025;;; 
ELLIPTIC LABORATORIES ASA;ELABS;NO0010722283;NOK;−1,42;−0,16;11,14;11,3;10,9;11,7;11,3;10,86;1194747;10,08;16,65;−12,97;6,3;−34,93;−59,86;;;−52,38;12,38;3,73;−0,21;0;0;20;Nei;1158024648;2129;27.2.2025 (Kvartalsrapport (4. kvartal));21.5.2025;;; 
AQUA BIO TECHNOLOGY;ABTEC;NO0010307135;NOK;−4,04;−0,09;2,14;2,23;2;3,5;2,28;2,11;373358;−6,14;19,89;−33,13;1,9;−36,52;;;;−3,58;3,4;2,86;−0,63;0;0;;Nei;248184252;2221;12.2.2025 (Kvartalsrapport (4. kvartal));;;; 
AQUILA HOLDINGS ASA;AQUIL;NO0010778095;NOK;2,05;0,012;0,596;0,584;0,506;0,6;0,598;0,56;10909;4,56;−12,87;−23,98;0,34;−37,92;−54,98;−84,05;;−1,13;2,36;0,37;−0,53;0;0;10;Nei;140345198;1555;20.2.2025 (Kvartalsrapport (4. kvartal));22.5.2025;;; 
NORWEGIAN BLOCK EXCHANGE AS;NBX;NO0010984966;NOK;−0,55;−0,002;0,359;0,361;0,357;0,4;0,384;0,357;433856;−4,27;4,36;−14,29;−2,97;−38,36;−95,13;;;−3,48;18,92;1,89;−0,1;0;0;0;Nei;73796557;875;10.4.2025 (Kvartalsrapport (4. kvartal));;;; 
WESTERN BULK CHARTERING AS;WEST;NO0010768096;NOK;6;0,9;15,9;15;13,3;0;16,05;14,5;585833;20;−2,45;−29,33;16,91;−38,37;−64,67;;;−5,68;0,04;0,95;−2,65;0;0;20;Nei;505976711;805;14.2.2025 (Kvartalsrapport (4. kvartal));10.4.2025;;; 
AKER HORIZONS ASA;AKH;NO0010921232;NOK;4,29;0,102;2,478;2,376;2,34;2,5;2,5;2,322;5555930;10,33;26,56;−4,25;4,47;−40,09;−92,5;;;3,44;0,52;0,27;0,71;0;0;50;Nei;1699638625;18534;13.2.2025 (Kvartalsrapport (4. kvartal));30.4.2025;;; 
AKOBO MINERALS AB (PUB);AKOBO;SE0015193412;NOK;−1,26;−0,025;1,955;1,98;0;1,955;1,955;1,815;9366;1,03;0,26;13,01;8,61;−41,68;−69,82;;;−2,31;0;−5,09;−0,85;0;0;0;Nei;367803338;649;7.3.2025 (Kvartalsrapport (4. kvartal));20.6.2025;;; 
5TH PLANET GAMES;5PG;DK0060945467;NOK;−4,08;−0,05;1,175;1,225;1,17;1,245;1,22;1,175;23389;−6,37;−2,08;−4,47;−0,84;−41,98;32,02;300,09;;−191,37;17,98;2,53;−0,01;0;0;0;Nei;326079999;2821;27.3.2025 (Kvartalsrapport (4. kvartal));23.4.2025;;; 
AVANCE GAS HOLDING;AGAS;BMG067231032;NOK;−1,23;−1,1;88,4;89,5;88;91,4;92,8;87,6;11354702;14,81;−22,73;−20,79;8,07;−43,19;154,61;66,17;−16,47;2,2;1,82;1,12;40,54;24,58;21,87;60;Nei;6883257811;3762;28.2.2025 (Kvartalsrapport (4. kvartal));8.5.2025;;; 
NORSKE SKOG;NSKOG;NO0010861115;NOK;−6,5;−1,62;23,3;24,92;23,1;24,24;25;23,26;13084900;−4,43;9,6;−33,24;−4,9;−43,64;−39,32;−47,05;;9,52;0,18;0,33;2,48;2,84;0,67;60;Nei;1998788817;6811;7.2.2025 (Kvartalsrapport (4. kvartal));16.4.2025;;; 
OCEAN GEOLOOP AS;OCEAN;NO0010914641;NOK;;;0;4,3;3,9;0;0;0;0;−4,44;14,36;−42,67;;−44,87;;;;−2,73;0,75;0,64;−1,58;0;0;0;Nei;226676551;255;13.3.2025 (Kvartalsrapport (4. kvartal));24.4.2025;;; 
GREEN MINERALS AS;GEM;NO0010907744;NOK;5,44;0,19;3,68;3,49;3,04;4,2;3,87;3,3;166363;14,64;−11,75;−51,06;11,52;−44,91;−55,66;;;−2,76;0;4,48;−1,32;0;0;0;Nei;55580320;2092;18.2.2025 (Kvartalsrapport (4. kvartal));4.6.2025;;; 
Argeo ASA;ARGEO;NO0013257410;NOK;1,86;0,2;10,98;10,78;10,66;11;11,1;10,46;2041407;11,47;21,86;6,6;12,5;−45,59;−70,21;;;8,48;0,89;1,11;1,27;0;0;0;Nei;478808242;1427;27.2.2025 (Kvartalsrapport (4. kvartal));22.5.2025;;; 
AWILCO LNG;ALNG;NO0010607971;NOK;−3,06;−0,14;4,44;4,58;4,44;4,8;4,75;4,33;2575595;11;6,99;−40,48;6,73;−45,99;−32,11;34,55;−50,73;1,78;0,68;0,39;2,44;35,08;1,53;30;Nei;607072638;1654;25.2.2025 (Kvartalsrapport (4. kvartal));7.5.2025;;; 
ZAPTEC ASA;ZAP;NO0010713936;NOK;−0,71;−0,08;11,12;11,2;10,79;11,2;11,2;10,69;4711775;7,03;16,5;7,44;1,74;−46,28;−81,54;;;−61,66;0,74;1,47;−0,18;0;0;50;Nei;973231185;12263;19.2.2025 (Kvartalsrapport (4. kvartal));11.6.2025;;; 
AUTOSTORE HOLDINGS LTD.;AUTO;BMG0670A1099;NOK;−6,42;−0,7;10,21;10,91;10,2;11,48;10,95;10,2;23914519;−8,51;−18,97;−5,02;−8,1;−47,11;−70,65;;;21,99;5,59;2,81;0,48;0;0;60;Ja;35965389100;6101;20.2.2025 (Kvartalsrapport (4. kvartal));20.5.2025;;; 
REFUELS N.V.;REFL;NL0015001BF4;NOK;0,9;0,1;11,2;11,1;10;11,7;11,2;11,2;15579;8,74;−4,27;−30,86;;−49,08;;;;−2,03;0,39;0,46;−5,52;0;0;0;Nei;681700331;20;4.3.2025 (Kvartalsrapport (3. kvartal));3.9.2025;;; 
AKER CARBON CAPTURE ASA;ACC;NO0010890304;NOK;1,01;0,065;6,48;6,415;6,43;6,62;6,625;6,42;19188571;2,86;4,77;6,58;2,29;−49,1;−76,53;;;0,84;3,49;5,61;7,84;0;0;40;Ja;3984977428;11216;13.2.2025 (Kvartalsrapport (4. kvartal));29.4.2025;;; 
NRC GROUP;NRC;NO0003679102;NOK;−4,29;−0,21;4,68;4,89;4,63;5,1;4,9;4,67;436218;−5,65;−8,59;24,8;−1,47;−50,24;−77,74;−90,23;−62,56;−0,93;0,12;0,34;−5,17;0;0;40;Nei;819804562;1967;12.2.2025 (Kvartalsrapport (4. kvartal));8.5.2025;;; 
BLACK SEA PROPERTY;BSP;NO0010755101;NOK;;;0;0,128;0;0,148;0;0;0;15,32;−7,91;−8,57;0;−50,91;−85,85;−96,16;;−15,11;7,9;0,23;−0,01;0;0;0;Nei;33515211;193;30.5.2025 (Kvartalsrapport (4. kvartal));;;; 
BARRAMUNDI GROUP LTD.;BARRA;SGXZ33675836;NOK;50;0,4;1,2;0,8;0,6;1,97;1,28;1,16;73625;11,11;24,35;−42,86;50;−52;−91,43;;;−0,62;0,49;0,89;−2,05;0;0;0;Nei;48443980;146;28.2.2025 (Kvartalsrapport (4. kvartal));20.6.2025;;; 
HEXAGON PURUS ASA;HPUR;NO0010904923;NOK;−5,39;−0,31;5,44;5,75;5,4;5,49;5,74;5,41;4522414;0;−0,73;−51,52;−2,86;−52,86;−74,81;;;−3,38;1,29;1;−1,64;0;0;30;Nei;2373813038;6079;11.2.2025 (Kvartalsrapport (4. kvartal));25.4.2025;;; 
NEL;NEL;NO0010081235;NOK;2,04;0,057;2,857;2,8;2,77;2,926;2,885;2,79;10584611;0,32;−3,22;−36,82;5,66;−54,85;−79,48;−64,98;145,32;−16,52;2,96;0,76;−0,17;0;0;60;Nei;4686396152;22460;26.2.2025 (Kvartalsrapport (4. kvartal));;;; 
HYNION AS;HYN;NO0010920945;NOK;−4,29;−0,008;0,168;0,175;0;0,2;0,179;0,155;29054;52,27;−22,09;−46,31;−6,94;−55,51;−91,49;;;−0,77;2,87;0,7;−0,22;0;0;0;Nei;18197083;874;6.3.2025 (Kvartalsrapport (4. kvartal));3.4.2025;;; 
HORISONT ENERGI AS;HRGI;NO0010917339;NOK;1,86;0,04;2,19;2,15;1,85;2,25;2,25;2,15;88614;15,26;−11,34;−30,7;0,92;−58,37;−96,5;;;−0,46;0;0,26;−4,85;0;0;0;Nei;49117156;864;;;;; 
DOLPHIN DRILLING AS;DDRIL;NO0012595950;NOK;−7,41;−0,28;3,5;3,78;2,8;4,495;3,72;3,405;3297962;−3,58;3,09;−4,11;−5,41;−58,87;;;;−1,93;1,56;0,7;−1,86;0;0;10;Nei;1021615346;461;25.2.2025 (Kvartalsrapport (4. kvartal));28.5.2025;;; 
OCEAN SUN;OSUN;NO0010887565;NOK;−3,43;−0,06;1,69;1,75;1,48;1,865;1,69;1,685;17503;4,64;−10,11;−17,56;12,67;−59,08;−89,44;;;−4,85;10,99;1,67;−0,35;0;0;0;Nei;76026678;1120;20.2.2025 (Kvartalsrapport (4. kvartal));6.5.2025;;; 
ENERGEIA AS;ENERG;NO0012697715;NOK;−1,52;−0,01;0,65;0,66;0,55;0;0,66;0,65;39;19,27;4,84;−16,13;−1,52;−59,25;;;;−4,65;1,15;0,69;−0,14;0;0;0;Nei;78682106;889;27.2.2025 (Kvartalsrapport (4. kvartal));20.5.2025;;; 
INIFY LABORATORIES AB;INIFY;SE0017486103;NOK;0;0;5,2;5,2;0;0;5,2;4,6;14011;0;16,07;−32,47;4;−59,38;;;;−4,29;22,78;2,64;−1,16;0;0;0;Nei;235231100;553;26.2.2025 (Kvartalsrapport (4. kvartal));20.5.2025;;; 
INDUCT;INDCT;NO0010536048;NOK;−5,98;−0,14;2,2;2,34;0;0;2,38;2,16;352461;−8,33;34,15;11,11;−4,35;−59,63;−72,5;−52,17;;−5,51;2,8;2,68;−0,42;0;0;0;Nei;54189741;247;13.2.2025 (Kvartalsrapport (4. kvartal));12.6.2025;;; 
WPU - WASTE PLASTIC UPCYCLING A/S;WPU;DK0061676400;NOK;0,34;0,05;14,6;14,55;14,5;14,85;14,7;14,6;127804;1,39;6,57;−24,16;−0,34;−60,33;;;;−8,19;318,3;20,05;−1,79;0;0;0;Nei;774801029;401;28.2.2025 (Kvartalsrapport (4. kvartal));;;; 
HUDDLESTOCK FINTECH;HUDL;NO0010859648;NOK;−4,68;−0,022;0,448;0,47;0,418;0,6;0,486;0,443;315002;3,7;−17,04;−18,55;−1,97;−60,35;−88,36;;;−1,03;1,32;0,67;−0,44;0;0;0;Nei;105122411;886;21.2.2025 (Kvartalsrapport (4. kvartal));15.5.2025;;; 
HUDDLY AS;HDLY;NO0010776990;NOK;−4,78;−0,011;0,219;0,23;0,217;0,24;0,23;0,21;618645;22,01;−38,83;−59,44;−0,45;−60,47;−96,94;;;−2,19;2,78;1,01;−0,1;0;0;0;Nei;394810530;682;19.2.2025 (Kvartalsrapport (4. kvartal));20.5.2025;;; 
TEKNA HOLDING ASA;TEKNA;NO0010951577;NOK;−4,14;−0,14;3,24;3,38;3,22;3,88;3,31;3,24;18017;−6,63;−9,75;−33,88;−0,31;−60,96;−90,66;;;−3,52;1,38;1,35;−0,94;0;0;10;Nei;421899991;1566;6.2.2025 (Kvartalsrapport (4. kvartal));8.5.2025;;; 
VOW GREEN METALS AS;VGM;NO0011037483;NOK;1,11;0,008;0,728;0,72;0,6;0,728;0,736;0,68;55662;4,9;30,47;7,06;5,51;−63,42;−80,05;;;−3,74;0;1,34;−0,18;0;0;0;Nei;146827849;2819;;;;; 
SHELF DRILLING;SHLF;KYG236271055;NOK;−2,94;−0,31;10,25;10,56;10;10,87;10,63;10,24;8798794;7,89;3,02;−45,36;8,87;−65,02;22,02;−46,19;;4,39;0,3;0,75;2,38;0;0;30;Nei;2658246714;2750;;;;; 
CLEAN SEAS SEAFOOD LIMITED;CSS;AU000000CSS3;NOK;;;0;0,85;0;0;0;0;0;−15;−15;−43,33;;−66,27;−76,71;;;−0,69;0,35;0,39;−1,24;0;0;0;Nei;127417191;67;;;;; 
NORSE ATLANTIC ASA;NORSE;NO0012885252;NOK;0,25;0,01;4,06;4,05;3,92;4,25;4,145;4;1025701;9,43;7,84;121,13;1,63;−66,87;−90,39;;;−0,3;0,08;−0,66;−13,79;0;0;20;Nei;597121761;4124;26.2.2025 (Kvartalsrapport (4. kvartal));18.6.2025;;; 
ARCTICZYMES TECHNOLOGIES;AZT;NO0010014632;NOK;1,01;0,14;14,06;13,92;13,8;14,98;14,26;13,84;434465;4,93;6,19;−16,31;5,4;−67,11;−85,04;181,76;−22,75;117,5;6,66;2,32;0,12;0;0;40;Nei;720106599;1954;13.2.2025 (Kvartalsrapport (4. kvartal));27.5.2025;;; 
INTEROIL EXPLORATION AND PRODUCTION;IOX;NO0013119255;NOK;2,64;0,05;1,95;1,9;1,81;2,5;1,95;1,8;78853;−2,72;−28,83;0,02;1,05;−68,03;−77,64;−93,37;−88,53;−0,16;0,15;−0,19;−11,11;0;0;10;Nei;36254051;1978;;;;; 
EXACT THERAPEUTICS;EXTX;NO0010852213;NOK;3,85;0,14;3,78;3,64;3,48;3,8;3,84;3,52;104031;0;−37;−34,26;0,53;−68,5;−78,28;;;−4,3;0;5,08;−0,84;0;0;0;Nei;242931252;177;;;;; 
HYDROGENPRO ASA;HYPRO;NO0010892359;NOK;4,47;0,22;5,14;4,92;5;5,6;5,14;4,93;198154;−3,75;20,09;−46,46;0,78;−68,54;−65,64;;;−1,89;1,41;0,78;−2,68;0;0;20;Nei;355516918;2458;25.2.2025 (Kvartalsrapport (4. kvartal));30.4.2025;;; 
ARRIBATEC GROUP ASA;ARR;NO0012861667;NOK;−0,54;−0,002;0,368;0,37;0,342;0,368;0,369;0,343;218585;8,24;54,22;13,66;6,67;−68,62;−87,54;;;−3,32;0,26;0,57;−0,11;0;0;10;Nei;154402572;1966;28.2.2025 (Kvartalsrapport (4. kvartal));28.5.2025;;; 
BERGENBIO;BGBIO;NO0013251173;NOK;−6,01;−0,582;9,097;9,679;8,922;9,25;9,667;8,908;3496912;8,09;−14,81;−10,11;11,2;−69,83;−96,09;−96,72;;0,17;683,95;2,79;55,07;0;0;10;Nei;358780638;8182;26.2.2025 (Kvartalsrapport (4. kvartal));20.5.2025;;; 
OTOVO ASA;OTOVO;NO0010809783;NOK;−0,1;−0,001;0,969;0,97;0,943;0,986;0,98;0,93;214327;2,87;−10,11;−12,07;7,67;−71,46;−96,49;;;−0,59;0,4;0,3;−1,61;0;0;20;Nei;266007015;2921;24.2.2025 (Kvartalsrapport (4. kvartal));15.5.2025;;; 
BERGEN CARBON SOLUTIONS AS;BCS;NO0010950249;NOK;3,12;0,1;3,3;3,2;0;0;3,625;3,1;348433;10,74;−16,98;−33,8;1,54;−72,03;−95,08;;;−1,38;−1002,79;0,57;−2,42;0;0;0;Nei;140390118;2948;14.2.2025 (Kvartalsrapport (4. kvartal));24.4.2025;;; 
HAVILA SHIPPING;HAVI;NO0010257728;NOK;−9,83;−0,17;1,56;1,73;1,55;2,6;1,77;1,56;747849;−27,94;−37,6;−55,68;−8,24;−72,44;−62,32;−48,68;−99,92;−36,95;0,83;23,22;−0,05;8,9;0,15;10;Nei;445223240;2711;26.2.2025 (Kvartalsrapport (4. kvartal));15.5.2025;;; 
HUNTER GROUP;HUNT;NO0012953720;NOK;1,16;0,006;0,523;0,517;0,47;0,6;0,562;0,517;459583;11,28;−33,71;−72,36;10,34;−72,57;−99;−99,46;−99,35;1,23;3,85;0,86;0,43;0;0;0;Nei;73479757;3306;10.4.2025 (Kvartalsrapport (4. kvartal));8.5.2025;;; 
LIFECARE ASA;LIFE;NO0013355859;NOK;1,19;0,15;12,75;12,6;12;13,1;12,8;12,2;128649;−5,56;−8,93;−43,17;4,08;−75,21;−31,76;−68,82;;−3,31;14,87;3,05;−3,84;0;0;0;Nei;201332833;2587;20.2.2025 (Kvartalsrapport (4. kvartal));;;; 
VOW;VOW;NO0010708068;NOK;5,01;0,094;1,97;1,876;1,93;2,1;2;1,828;2225152;0,31;25,16;−8,43;−0,71;−76,04;−88,17;−89,84;98,06;−2,85;0,58;1,42;−0,66;0;0;60;Nei;581088421;3336;;;;; 
NORSK RENEWABLES AS;NSOL;NO0010941925;NOK;−2,44;−0,007;0,28;0,287;0,26;0,286;0,286;0,253;7099;−3,11;9,38;12;2,19;−77,98;−95,53;;;−0,85;2,52;3,23;−0,33;0;0;0;Nei;58549597;481;;;;; 
POLIGHT;PLT;NO0012535832;NOK;−3,57;−0,175;4,725;4,9;4,67;4,95;4,91;4,68;2525054;−1,36;−0,53;6,42;−1,36;−78,86;−86,39;−40,12;;−6,53;55,18;3,11;−0,73;0;0;10;Nei;616998840;5930;18.2.2025 (Kvartalsrapport (4. kvartal));21.5.2025;;; 
ARCTIC BIOSCIENCE AS;ABS;NO0010859580;NOK;−1,56;−0,03;1,89;1,92;1,72;3,36;1,95;1,89;56501;−1,05;−2,58;−87,4;3,28;−82,82;−89,38;;;−1;1,54;0,19;−1,91;0;0;0;Nei;48455844;504;7.5.2025 (Kvartalsrapport (4. kvartal));26.5.2025;;; 
PRYME N.V.;PRYME;NL00150005Z1;NOK;4,93;0,075;1,595;1,52;1,535;1,725;1,635;1,52;40922;8,5;7,77;−75,31;2,9;−84,6;−95,3;;;−0,5;195,47;0,3;−3,17;0;0;0;Nei;136121360;1007;26.2.2025 (Kvartalsrapport (4. kvartal));10.6.2025;;; 
NYKODE THERAPEUTICS ASA;NYKD;NO0010714785;NOK;−5,91;−0,19;3,026;3,216;3;3,338;3,29;3,022;5830228;0,2;11,91;−33,38;−0,66;−84,79;−96,25;;;−2,53;24,01;0,6;−1,27;0;0;30;Nei;1031233670;4792;26.2.2025 (Kvartalsrapport (4. kvartal));22.5.2025;;; 
CODELAB CAPITAL AS;CODE;NO0010895667;NOK;0;0;0,059;0,059;0,054;0,064;0,064;0,054;243003;9,26;−5,14;−73,3;14,34;−86,92;−98,45;;;−0,15;0,42;−0,14;−0,39;0;0;0;Nei;19482242;854;7.1.2025 (Kvartalsrapport (3. kvartal));27.6.2025;;; 
XXL;XXL;NO0013293142;NOK;−3,51;−0,384;10,55;10,934;10,3;11,196;11,2;10,548;243536;−5,3;34,65;−82,98;−4,09;−89,02;−98,15;−98,21;−99,59;−0,14;0,04;0,11;−74,25;0;0;30;Nei;274146570;4699;7.2.2025 (Kvartalsrapport (4. kvartal));4.6.2025;;; 
REC SILICON;RECSI;NO0010112675;NOK;−19,58;−0,351;1,442;1,793;1,406;1,495;1,815;1,402;28572045;−58,44;−66,67;−84,29;−59,88;−89,41;−91,96;−46,83;−92,31;−1,27;0,4;0,81;−1,18;0;0;30;Nei;638509750;15642;6.2.2025 (Kvartalsrapport (4. kvartal));8.5.2025;;; 
ALTERNUS ENERGY GROUP PLC;ALT;IE00BLRPRP89;NOK;59,42;0,41;1,1;0,69;0,83;0;1,366;0,65;1073458;371,09;105,99;0,18;150;−90;−96,33;;;−0,13;0,15;−0,05;−9,46;0;0;0;Nei;27163567;263;30.5.2025 (Kvartalsrapport (4. kvartal));25.9.2025;;; 
PROSAFE;PRS;NO0010861990;NOK;−2,89;−0,22;7,4;7,62;4,3;8,3;8;7,08;180832;−1,33;13,85;−66,96;5,87;−90;−94,74;−99,62;−100;−0,27;0,1;0,4;−29,06;0;0;30;Nei;131155898;2156;31.1.2025 (Kvartalsrapport (4. kvartal));21.5.2025;;; 
CIRCIO HOLDING ASA;CRNA;NO0013033795;NOK;1,39;0,01;0,73;0,72;0,718;0,75;0,778;0,72;500580;0,83;−14,92;0;2,82;−90,35;−98,85;−99,62;−99,85;−0,68;0;−0,44;−1,09;0;0;0;Nei;41777589;2962;10.4.2025 (Kvartalsrapport (4. kvartal));5.6.2025;;; 
NORDIC UNMANNED ASA;NUMND;NO0013353219;NOK;3,11;0,015;0,498;0,483;0,483;0,498;0,498;0,483;83694;9,93;−18,89;−74,01;3,75;−92,01;−99,82;;;−0,95;0,29;0,39;−0,51;0;0;0;Nei;59720983;2417;28.3.2025 (Kvartalsrapport (4. kvartal));;;; 
EAM SOLAR AS;EAM;NO0010607781;NOK;−1,02;−0,002;0,146;0,148;0,14;0,155;0,154;0,14;284052;−7,59;−4,26;118,46;−3,31;−92,77;−86,33;−87,83;−97,54;−2,43;1,76;1,21;−0,06;0;0;;Nei;22337238;3597;4.3.2025 (Kvartalsrapport (4. kvartal));21.5.2025;;; 
IDEX BIOMETRICS;IDEX;NO0013107490;NOK;0,39;0,001;0,13;0,129;0,122;0,147;0,134;0,126;898678;5,71;−7,37;−36,21;11,54;−94,39;−99,05;−97,6;−98,97;−0,08;7,76;0,94;−1,59;0;0;30;Nei;108437637;4145;27.2.2025 (Kvartalsrapport (4. kvartal));21.5.2025;;; 
STANDARD SUPPLY AS;STSU;NO0013384651;NOK;0;0;22;22;19;22,95;22;19;134583;0;−5,58;−82,84;−1,12;−95,34;;;;0,08;0,09;0,04;235,38;1348,27;264,53;20;Nei;36869445;404;14.2.2025 (Kvartalsrapport (4. kvartal));11.6.2025;;; 
ATLANTIC SAPPHIRE;ASA;NO0013249896;NOK;−2,47;−0,002;0,091;0,093;0,09;0,093;0,093;0,089;636336;6,71;4,25;−60,39;−0,44;−96,17;−99,82;;;−0,45;3,73;0,23;−0,2;0;0;20;Nei;656128973;5784;24.4.2025 (Kvartalsrapport (4. kvartal));;;; 
ULTIMOVACS;ULTI;NO0010851603;NOK;−1,02;−0,025;2,435;2,46;2,4;2,585;2,44;2,4;398190;−0,41;26,17;41,41;4,51;−97,97;−97,84;−94,17;;−4,82;0;0,3;−0,5;0;0;0;Nei;82918607;3756;13.2.2025 (Kvartalsrapport (4. kvartal));;;; 
SEACREST PETROLEO BERMUDA LIMITED;SEAPT;BMG7947V2045;NOK;−8,11;−0,015;0,17;0,185;0,13;0,19;0,19;0,166;82491;2,41;−10,29;−65,31;−10,53;−98,09;;;;−0,11;0,04;0,05;−1,46;0;0;10;Nei;78803968;272;26.2.2025 (Kvartalsrapport (4. kvartal));;;; 
SOFTOX SOLUTIONS;SOFTX;NO0010811961;NOK;12,31;0,002;0,015;0,013;0,012;0,02;0,016;0,013;71827;−18,89;12,31;−21,51;4,29;−98,92;−99,92;−99,86;;−0,35;16,83;−95,39;−0,04;0;0;0;Nei;25366301;1331;5.3.2025 (Kvartalsrapport (4. kvartal));25.6.2025;;; 
KMC PROPERTIES ASA;KMCP;NO0010360175;NOK;13,73;0,007;0,058;0,051;0,005;0,058;0,058;0,049;39955;11,54;28,89;−98,21;20,83;−99,12;−99,46;;;0,66;0,05;0,01;0,08;0;0;10;Nei;20920261;1032;13.2.2025 (Kvartalsrapport (4. kvartal));30.5.2025;;; 